question_id,db_id,context,technique,basic_sql,robust_sql,rel_error_mean,abs_error_mean,dq_robust_1pct,dq_robust_2pct,dq_robust_5pct,mape,mae,bias,literal_acc,dq_note_coverage
stage2_0,car_1,rag_topk5,sc,SELECT MAX(MPG) AS MaxMPG FROM cars_data WHERE Cylinders = 8 OR Year < 1980,"WITH capped_cars_data AS (WITH base AS (SELECT * FROM cars_data), dedup AS (SELECT *, ROW_NUMBER() OVER (PARTITION BY Cylinders ORDER BY rowid DESC) AS rn FROM base), capped AS (SELECT *, MIN(Cylinders, 8.0) AS Cylinders_capped FROM capped) SELECT * FROM capped WHERE rn = 1), filtered_cars_data AS (SELECT * FROM capped_cars_data WHERE Cylinders_capped = 8 OR Year < 1980) SELECT MAX(MPG) AS MaxMPG FROM filtered_cars_data",0.0,0.0,0.7279151943462897,0.7279151943462897,0.7314487632508834,250469.13881604854,250645.10728625057,250292.70331445616,0.45435806831566544,1.0
stage2_1,car_1,rag_topk5,sc,SELECT MIN(Weight) AS MinWeight FROM cars_data WHERE Cylinders = 8 AND Year = 1974,"WITH capped AS (SELECT *, MIN(Cylinders, 8.0) AS Cylinders_capped, MIN(Year, 1982.0) AS Year_capped, MIN(Weight, 4464.0) AS Weight_capped FROM cars_data), dedup AS (SELECT *, ROW_NUMBER() OVER (PARTITION BY Id ORDER BY rowid DESC) AS rn FROM capped) SELECT MIN(Weight_capped) AS MinWeight FROM dedup WHERE rn = 1 AND Cylinders_capped = 8 AND Year_capped = 1974",1.0,4141.0,0.7279151943462897,0.7279151943462897,0.7314487632508834,250469.13881604854,250645.10728625057,250292.70331445616,0.45435806831566544,1.0
stage2_2,car_1,rag_topk5,sc,"SELECT AVG(CAST(REPLACE(Horsepower, ',', '') AS REAL)) AS AvgHorsepower FROM cars_data WHERE CAST(REPLACE(YEAR, ',', '') AS INTEGER) < 1980","WITH cleaned_data AS (SELECT *, REPLACE(Horsepower, ',', '') AS Horsepower_cleaned, REPLACE(YEAR, ',', '') AS Year_cleaned FROM cars_data), deduplicated_data AS (SELECT *, ROW_NUMBER() OVER (PARTITION BY Id ORDER BY rowid DESC) AS rn FROM cleaned_data), filtered_data AS (SELECT * FROM deduplicated_data WHERE rn = 1 AND CAST(Year_cleaned AS INTEGER) < 1980) SELECT AVG(CAST(Horsepower_cleaned AS REAL)) AS AvgHorsepower FROM filtered_data",0.0,0.0,0.7279151943462897,0.7279151943462897,0.7314487632508834,250469.13881604854,250645.10728625057,250292.70331445616,0.45435806831566544,1.0
stage2_3,car_1,rag_topk5,sc,SELECT AVG(cars_data.Edispl) AS avg_edispl FROM car_makers JOIN cars_data ON car_makers.Id = cars_data.Maker WHERE car_makers.Maker = 'Volvo',"WITH safe_values AS (SELECT MIN(CASE WHEN Edispl < 400 THEN Edispl ELSE 400 END) AS Edispl_safe, MIN(CASE WHEN Id < 386 THEN Id ELSE 386 END) AS Id_safe, MIN(CASE WHEN Weight < 4464 THEN Weight ELSE 4464 END) AS Weight_safe FROM cars_data), dedup_makers AS (SELECT *, ROW_NUMBER() OVER (PARTITION BY Maker ORDER BY rowid DESC) AS rn FROM car_makers), dedup_cars AS (SELECT *, ROW_NUMBER() OVER (PARTITION BY Id ORDER BY rowid DESC) AS rn FROM cars_data) SELECT AVG(dedup_cars.Edispl) AS avg_edispl FROM dedup_makers JOIN dedup_cars ON dedup_makers.Id = dedup_cars.Maker WHERE dedup_makers.Maker = 'Volvo' AND dedup_cars.Edispl BETWEEN (SELECT Edispl_safe FROM safe_values) AND (SELECT Edispl_safe FROM safe_values)",0.0,0.0,0.7279151943462897,0.7279151943462897,0.7314487632508834,250469.13881604854,250645.10728625057,250292.70331445616,0.45435806831566544,1.0
stage2_4,student_transcripts_tracking,rag_topk5,sc,"SELECT c.course_id, c.course_name FROM Courses AS c JOIN Sections AS s ON c.course_id = s.course_id GROUP BY c.course_id, c.course_name HAVING COUNT(s.section_id) <= 2","WITH Sections_dedup AS (SELECT *, ROW_NUMBER() OVER (PARTITION BY course_id ORDER BY rowid DESC) AS rn FROM Sections), Sections_filtered AS (SELECT * FROM Sections_dedup WHERE rn = 1) SELECT c.course_id, c.course_name FROM Courses AS c JOIN Sections_filtered AS s ON c.course_id = s.course_id GROUP BY c.course_id, c.course_name HAVING COUNT(s.section_id) <= 2",0.0,0.0,0.7279151943462897,0.7279151943462897,0.7314487632508834,250469.13881604854,250645.10728625057,250292.70331445616,0.45435806831566544,1.0
stage2_5,car_1,rag_topk5,sc,"SELECT c.Continent, COUNT(co.CountryId) AS CountryCount FROM continents AS c JOIN countries AS co ON c.ContId = co.Continent GROUP BY c.Continent","WITH dedup_continents AS (SELECT *, ROW_NUMBER() OVER (PARTITION BY ContId ORDER BY rowid DESC) AS rn FROM continents), dedup_countries AS (SELECT *, ROW_NUMBER() OVER (PARTITION BY CountryId ORDER BY rowid DESC) AS rn FROM countries) SELECT dc.Continent, COUNT(dco.CountryId) AS CountryCount FROM dedup_continents AS dc JOIN dedup_countries AS dco ON dc.ContId = dco.Continent WHERE dc.rn = 1 AND dco.rn = 1 GROUP BY dc.Continent",0.0,0.0,0.7279151943462897,0.7279151943462897,0.7314487632508834,250469.13881604854,250645.10728625057,250292.70331445616,0.45435806831566544,1.0
stage2_6,student_transcripts_tracking,rag_topk5,sc,"SELECT degree_program_id, COUNT(*) AS enrollment_count FROM Student_Enrolment GROUP BY degree_program_id ORDER BY enrollment_count DESC LIMIT 1","WITH base AS (SELECT * FROM Student_Enrolment), dedup AS (SELECT *, ROW_NUMBER() OVER (PARTITION BY degree_program_id ORDER BY rowid DESC) AS rn FROM base) SELECT degree_program_id, COUNT(*) AS enrollment_count FROM dedup WHERE rn = 1 GROUP BY degree_program_id ORDER BY enrollment_count DESC LIMIT 1",1.0,3.0,0.7279151943462897,0.7279151943462897,0.7314487632508834,250469.13881604854,250645.10728625057,250292.70331445616,0.45435806831566544,1.0
stage2_7,car_1,rag_topk5,sc,SELECT COUNT(DISTINCT T2.Model) FROM car_makers AS T1 JOIN model_list AS T2 ON T1.Id = T2.Maker WHERE T1.Maker = 'American Motor Company',"WITH car_makers_dedup AS (SELECT *, ROW_NUMBER() OVER (PARTITION BY Id ORDER BY rowid DESC) AS rn FROM car_makers), model_list_dedup AS (SELECT *, ROW_NUMBER() OVER (PARTITION BY Maker ORDER BY rowid DESC) AS rn FROM model_list) SELECT COUNT(DISTINCT T2.Model) FROM car_makers_dedup AS T1 JOIN model_list_dedup AS T2 ON T1.Id = T2.Maker WHERE T1.Maker = 'American Motor Company'",0.0,0.0,0.7279151943462897,0.7279151943462897,0.7314487632508834,250469.13881604854,250645.10728625057,250292.70331445616,0.45435806831566544,1.0
stage2_8,car_1,rag_topk5,sc,SELECT COUNT(*) FROM (SELECT Country FROM car_makers GROUP BY Country HAVING COUNT(*) > 2),SELECT COUNT(*) FROM (SELECT Country FROM car_makers GROUP BY Country HAVING COUNT(*) > 2),0.0,0.0,0.7279151943462897,0.7279151943462897,0.7314487632508834,250469.13881604854,250645.10728625057,250292.70331445616,0.45435806831566544,1.0
stage2_9,car_1,rag_topk5,sc,SELECT COUNT(DISTINCT T2.Model) FROM car_makers AS T1 JOIN model_list AS T2 ON T1.Id = T2.Maker WHERE T1.Country = 'USA',"WITH car_makers_dedup AS (SELECT *, ROW_NUMBER() OVER (PARTITION BY Country ORDER BY rowid DESC) AS rn FROM car_makers), model_list_dedup AS (SELECT *, ROW_NUMBER() OVER (PARTITION BY Maker ORDER BY rowid DESC) AS rn FROM model_list) SELECT COUNT(DISTINCT T2.Model) FROM car_makers_dedup AS T1 JOIN model_list_dedup AS T2 ON T1.Id = T2.Maker WHERE T1.Country = 'USA' AND T1.rn = 1 AND T2.rn = 1",0.0,0.0,0.7279151943462897,0.7279151943462897,0.7314487632508834,250469.13881604854,250645.10728625057,250292.70331445616,0.45435806831566544,1.0
stage2_10,car_1,rag_topk5,sc,"SELECT AVG(CAST(REPLACE(Horsepower, ',', '') AS REAL)) AS AvgHorsepower FROM cars_data WHERE CAST(REPLACE(YEAR, ',', '') AS INTEGER) < 1980","WITH cleaned_horsepower AS (SELECT *, MIN(CAST(REPLACE(Horsepower, ',', '') AS REAL), 180.0) AS Horsepower_capped, ROW_NUMBER() OVER (PARTITION BY Horsepower ORDER BY rowid DESC) AS rn FROM cars_data), deduplicated_horsepower AS (SELECT * FROM cleaned_horsepower WHERE rn = 1), cleaned_year AS (SELECT *, CASE WHEN CAST(REPLACE(YEAR, ',', '') AS INTEGER) >= 1980 THEN NULL ELSE CAST(REPLACE(YEAR, ',', '') AS INTEGER) END AS Year_cleaned, ROW_NUMBER() OVER (PARTITION BY YEAR ORDER BY rowid DESC) AS rn FROM cars_data), deduplicated_year AS (SELECT * FROM cleaned_year WHERE rn = 1), final_data AS (SELECT Id, Horsepower_capped AS Horsepower, Year_cleaned AS Year FROM deduplicated_horsepower JOIN deduplicated_year ON deduplicated_horsepower.Id = deduplicated_year.Id) SELECT AVG(CAST(Horsepower AS REAL)) AS AvgHorsepower FROM final_data WHERE NOT Year IS NULL",0.0,0.0,0.7279151943462897,0.7279151943462897,0.7314487632508834,250469.13881604854,250645.10728625057,250292.70331445616,0.45435806831566544,1.0
stage2_11,car_1,rag_topk5,sc,"SELECT cn.MakeId, cn.Make FROM car_names AS cn JOIN cars_data AS cd ON cn.MakeId = cd.Id WHERE cd.Horsepower <> (SELECT MIN(Horsepower) FROM cars_data) AND cd.Cylinders < 4","WITH capped_horsepower AS (SELECT *, MIN(Horsepower, 180.0) AS Horsepower_capped FROM cars_data), dedup_countries AS (SELECT *, ROW_NUMBER() OVER (PARTITION BY CountryId ORDER BY rowid DESC) AS rn FROM countries), dedup_car_makers AS (SELECT *, ROW_NUMBER() OVER (PARTITION BY Maker ORDER BY rowid DESC) AS rn FROM car_makers), dedup_model_list AS (SELECT *, ROW_NUMBER() OVER (PARTITION BY Model ORDER BY rowid DESC) AS rn FROM model_list), dedup_continents AS (SELECT *, ROW_NUMBER() OVER (PARTITION BY ContinentId ORDER BY rowid DESC) AS rn FROM continents), dedup_cars_data AS (SELECT *, ROW_NUMBER() OVER (PARTITION BY Id ORDER BY rowid DESC) AS rn FROM capped_horsepower) SELECT cn.MakeId, cn.Make FROM car_names AS cn JOIN dedup_cars_data AS cd ON cn.MakeId = cd.Id WHERE cd.Horsepower_capped <> (SELECT MIN(Horsepower_capped) FROM dedup_cars_data) AND cd.Cylinders < 4",0.0,0.0,0.7279151943462897,0.7279151943462897,0.7314487632508834,250469.13881604854,250645.10728625057,250292.70331445616,0.45435806831566544,1.0
stage2_12,car_1,rag_topk5,sc,"SELECT Cylinders, MAX(Accelerate) AS Max_Accelerate FROM cars_data GROUP BY Cylinders","WITH capped_cars_data AS (SELECT *, MIN(Cylinders, 8.0) AS Cylinders_capped, MIN(Edispl, 400.0) AS Edispl_capped FROM cars_data), dedup_cars_data AS (SELECT *, ROW_NUMBER() OVER (PARTITION BY Cylinders_capped, Edispl_capped ORDER BY rowid DESC) AS rn FROM capped_cars_data) SELECT Cylinders_capped AS Cylinders, MAX(Accelerate) AS Max_Accelerate FROM dedup_cars_data WHERE rn = 1 GROUP BY Cylinders_capped",1.0,20.32,0.7279151943462897,0.7279151943462897,0.7314487632508834,250469.13881604854,250645.10728625057,250292.70331445616,0.45435806831566544,1.0
stage2_13,student_transcripts_tracking,rag_topk5,sc,SELECT DISTINCT s.last_name FROM Students AS s JOIN Addresses AS a ON s.current_address_id = a.address_id LEFT JOIN Student_Enrolment AS se ON s.student_id = se.student_id WHERE a.state_province_county = 'North Carolina' AND se.degree_program_id IS NULL,"WITH Students_dedup AS (SELECT *, ROW_NUMBER() OVER (PARTITION BY student_id ORDER BY rowid DESC) AS rn FROM Students), Addresses_dedup AS (SELECT *, ROW_NUMBER() OVER (PARTITION BY address_id ORDER BY rowid DESC) AS rn FROM Addresses), Student_Enrolment_dedup AS (SELECT *, ROW_NUMBER() OVER (PARTITION BY student_enrolment_id ORDER BY rowid DESC) AS rn FROM Student_Enrolment) SELECT DISTINCT s.last_name FROM Students_dedup AS s JOIN Addresses_dedup AS a ON s.current_address_id = a.address_id LEFT JOIN Student_Enrolment_dedup AS se ON s.student_id = se.student_id WHERE a.state_province_county = 'North Carolina' AND se.degree_program_id IS NULL",0.0,0.0,0.7279151943462897,0.7279151943462897,0.7314487632508834,250469.13881604854,250645.10728625057,250292.70331445616,0.45435806831566544,1.0
stage2_14,car_1,rag_topk5,sc,"SELECT c.Continent, c.ContId, COUNT(co.CountryId) AS CountryCount FROM continents AS c JOIN countries AS co ON c.ContId = co.Continent GROUP BY c.ContId, c.Continent ORDER BY c.ContId","WITH capped_continents AS (SELECT *, CASE WHEN CountryId > 14 THEN 14 ELSE CountryId END AS CountryId_capped FROM countries), deduplicated_continents AS (SELECT *, ROW_NUMBER() OVER (PARTITION BY CountryId_capped ORDER BY rowid DESC) AS rn FROM capped_continents), filtered_continents AS (SELECT * FROM deduplicated_continents WHERE rn = 1), joined_tables AS (SELECT c.Continent, f.ContId, COUNT(f.CountryId) AS CountryCount FROM filtered_continents AS f JOIN continents AS c ON f.ContId = c.ContId GROUP BY f.ContId, c.Continent) SELECT * FROM joined_tables ORDER BY ContId",1.0,3.0,0.7279151943462897,0.7279151943462897,0.7314487632508834,250469.13881604854,250645.10728625057,250292.70331445616,0.45435806831566544,1.0
stage2_15,car_1,rag_topk5,sc,SELECT COUNT(*) FROM cars_data WHERE Cylinders > 6,SELECT COUNT(*) FROM cars_data WHERE Cylinders > 6,0.009259259259259259,1.0,0.7279151943462897,0.7279151943462897,0.7314487632508834,250469.13881604854,250645.10728625057,250292.70331445616,0.45435806831566544,1.0
stage2_16,car_1,rag_topk5,sc,SELECT T1.Model FROM car_names AS T1 JOIN cars_data AS T2 ON T1.MakeId = T2.MakeId WHERE T2.Weight < (SELECT AVG(Weight) FROM cars_data),"WITH capped_weight AS (SELECT *, MIN(Edispl, 400.0) AS Edispl_capped, MIN(Weight, 4464.0) AS Weight_capped, ROW_NUMBER() OVER (PARTITION BY Weight ORDER BY rowid DESC) AS rn FROM cars_data), dedup_weight AS (SELECT * FROM capped_weight WHERE rn = 1), avg_weight AS (SELECT AVG(Weight_capped) AS avg_weight FROM dedup_weight) SELECT T1.Model FROM car_names AS T1 JOIN dedup_weight AS T2 ON T1.MakeId = T2.MakeId WHERE T2.Weight_capped < (SELECT avg_weight FROM avg_weight)",0.0,0.0,0.7279151943462897,0.7279151943462897,0.7314487632508834,250469.13881604854,250645.10728625057,250292.70331445616,0.45435806831566544,1.0
stage2_17,car_1,rag_topk5,sc,SELECT COUNT(*) FROM (SELECT c.CountryName FROM car_makers AS cm JOIN countries AS c ON cm.Country = c.CountryId GROUP BY c.CountryName HAVING COUNT(cm.Id) > 2),"WITH dedup_car_makers AS (SELECT *, ROW_NUMBER() OVER (PARTITION BY Id ORDER BY rowid DESC) AS rn FROM car_makers), filtered_countries AS (SELECT c.CountryName FROM dedup_car_makers AS cm JOIN countries AS c ON cm.Country = c.CountryId GROUP BY c.CountryName HAVING COUNT(cm.Id) > 2) SELECT COUNT(*) FROM filtered_countries",0.0,0.0,0.7279151943462897,0.7279151943462897,0.7314487632508834,250469.13881604854,250645.10728625057,250292.70331445616,0.45435806831566544,1.0
stage2_18,car_1,rag_topk5,sc,SELECT COUNT(*) FROM cars_data WHERE Cylinders > 6,SELECT COUNT(*) FROM cars_data WHERE Cylinders > 6,0.009259259259259259,1.0,0.7279151943462897,0.7279151943462897,0.7314487632508834,250469.13881604854,250645.10728625057,250292.70331445616,0.45435806831566544,1.0
stage2_19,car_1,rag_topk5,sc,SELECT COUNT(DISTINCT T2.Model) FROM car_makers AS T1 JOIN model_list AS T2 ON T1.Id = T2.Maker WHERE T1.FullName = 'American Motor Company',"WITH safe_car_makers AS (SELECT *, MIN(Country, 8.0) AS Country_capped FROM car_makers), safe_model_list AS (SELECT *, ROW_NUMBER() OVER (PARTITION BY ModelId ORDER BY rowid DESC) AS rn FROM model_list) SELECT COUNT(DISTINCT T2.Model) FROM safe_car_makers AS T1 JOIN safe_model_list AS T2 ON T1.Id = T2.Maker WHERE T1.FullName = 'American Motor Company' AND T2.rn = 1",0.0,0.0,0.7279151943462897,0.7279151943462897,0.7314487632508834,250469.13881604854,250645.10728625057,250292.70331445616,0.45435806831566544,1.0
stage2_20,car_1,rag_topk5,sc,"SELECT c.CountryName, c.CountryId FROM countries AS c JOIN car_makers AS cm ON c.CountryId = cm.Country","WITH country_repair AS (SELECT *, MIN(Country, 8.0) AS Country_capped, ROW_NUMBER() OVER (PARTITION BY Country ORDER BY rowid DESC) AS rn FROM car_makers), deduplicated_countries AS (SELECT CountryId, CountryName FROM (SELECT *, ROW_NUMBER() OVER (PARTITION BY CountryName ORDER BY rowid DESC) AS rn FROM countries) WHERE rn = 1) SELECT dc.CountryName, dc.CountryId FROM deduplicated_countries AS dc JOIN car_makers AS cm ON dc.CountryId = cm.Country",0.0,0.0,0.7279151943462897,0.7279151943462897,0.7314487632508834,250469.13881604854,250645.10728625057,250292.70331445616,0.45435806831566544,1.0
stage2_21,student_transcripts_tracking,rag_topk5,sc,"SELECT COUNT(T1.student_course_id) AS max_enrollments, T1.student_course_id FROM Student_Enrolment_Courses AS T1 JOIN Transcript_Contents AS T2 ON T1.student_course_id = T2.student_course_id GROUP BY T1.student_course_id ORDER BY max_enrollments DESC LIMIT 1","WITH Student_Enrolment_Courses_dedup AS (SELECT *, ROW_NUMBER() OVER (PARTITION BY course_id ORDER BY rowid DESC) AS rn FROM Student_Enrolment_Courses), Transcript_Contents_dedup AS (SELECT *, ROW_NUMBER() OVER (PARTITION BY student_course_id ORDER BY rowid DESC) AS rn FROM Transcript_Contents) SELECT COUNT(T1.student_course_id) AS max_enrollments, T1.student_course_id FROM Student_Enrolment_Courses_dedup AS T1 JOIN Transcript_Contents_dedup AS T2 ON T1.student_course_id = T2.student_course_id WHERE T1.rn = 1 AND T2.rn = 1 GROUP BY T1.student_course_id ORDER BY max_enrollments DESC LIMIT 1",35441339.5,35441339.5,0.7279151943462897,0.7279151943462897,0.7314487632508834,250469.13881604854,250645.10728625057,250292.70331445616,0.45435806831566544,1.0
stage2_22,student_transcripts_tracking,rag_topk5,sc,"SELECT DISTINCT Addresses.line_1, Addresses.line_2, Addresses.line_3, Addresses.city, Addresses.zip_postcode, Addresses.state_province_county, Addresses.country FROM Addresses JOIN Students ON Addresses.address_id = Students.current_address_id","WITH Addresses_Dedup AS (SELECT *, ROW_NUMBER() OVER (PARTITION BY address_id ORDER BY rowid DESC) AS rn FROM Addresses), Students_Dedup AS (SELECT *, ROW_NUMBER() OVER (PARTITION BY student_id ORDER BY rowid DESC) AS rn FROM Students) SELECT DISTINCT Addresses_Dedup.line_1, Addresses_Dedup.line_2, Addresses_Dedup.line_3, Addresses_Dedup.city, Addresses_Dedup.zip_postcode, Addresses_Dedup.state_province_county, Addresses_Dedup.country FROM Addresses_Dedup JOIN Students_Dedup ON Addresses_Dedup.address_id = Students_Dedup.current_address_id WHERE Addresses_Dedup.rn = 1 AND Students_Dedup.rn = 1",0.0,0.0,0.7279151943462897,0.7279151943462897,0.7314487632508834,250469.13881604854,250645.10728625057,250292.70331445616,0.45435806831566544,1.0
stage2_23,car_1,rag_topk5,sc,"SELECT T2.Continent, T2.CountryName, COUNT(T1.Maker) AS MakerCount FROM car_makers AS T1 JOIN countries AS T2 ON T1.Country = T2.CountryId GROUP BY T2.CountryName ORDER BY MakerCount DESC LIMIT 1","WITH dedup AS (SELECT *, ROW_NUMBER() OVER (PARTITION BY Country ORDER BY rowid DESC) AS rn FROM car_makers) SELECT T2.Continent, T2.CountryName, COUNT(dedup.Maker) AS MakerCount FROM dedup JOIN countries AS T2 ON dedup.Country = T2.CountryId GROUP BY T2.CountryName ORDER BY MakerCount DESC LIMIT 1",0.0,0.0,0.7279151943462897,0.7279151943462897,0.7314487632508834,250469.13881604854,250645.10728625057,250292.70331445616,0.45435806831566544,1.0
stage2_24,car_1,rag_topk5,sc,"SELECT T1.Year, AVG(T1.Weight) AS AverageWeight FROM cars_data AS T1 JOIN car_names AS T2 ON T1.MakeId = T2.MakeId GROUP BY T1.Year ORDER BY T1.Year","WITH cleaned_cars_data AS (WITH base AS (SELECT * FROM cars_data), dedup AS (SELECT *, ROW_NUMBER() OVER (PARTITION BY Id ORDER BY rowid DESC) AS rn FROM base), capped AS (SELECT *, MIN(Id, 386.0) AS Id_capped FROM capped) SELECT * FROM dedup WHERE rn = 1), cleaned_car_names AS (WITH base AS (SELECT * FROM car_names), dedup AS (SELECT *, ROW_NUMBER() OVER (PARTITION BY MakeId ORDER BY rowid DESC) AS rn FROM base), capped AS (SELECT *, MIN(MakeId, 0) AS MakeId_capped FROM capped) SELECT * FROM dedup WHERE rn = 1) SELECT T1.Year, AVG(T1.Weight) AS AverageWeight FROM cleaned_cars_data AS T1 JOIN cleaned_car_names AS T2 ON T1.MakeId = T2.MakeId GROUP BY T1.Year ORDER BY T1.Year",0.0,0.0,0.7279151943462897,0.7279151943462897,0.7314487632508834,250469.13881604854,250645.10728625057,250292.70331445616,0.45435806831566544,1.0
stage2_25,car_1,rag_topk5,sc,"SELECT m.Maker, ml.Model, m.Id, m.FullName FROM car_makers AS m JOIN model_list AS ml ON m.Id = ml.Maker","WITH car_makers_dedup AS (SELECT *, ROW_NUMBER() OVER (PARTITION BY Id ORDER BY rowid DESC) AS rn FROM car_makers), model_list_dedup AS (SELECT *, ROW_NUMBER() OVER (PARTITION BY ModelId ORDER BY rowid DESC) AS rn FROM model_list) SELECT m.Maker, ml.Model, m.Id, m.FullName FROM car_makers_dedup AS m JOIN model_list_dedup AS ml ON m.Id = ml.Maker WHERE m.rn = 1 AND ml.rn = 1",0.0,0.0,0.7279151943462897,0.7279151943462897,0.7314487632508834,250469.13881604854,250645.10728625057,250292.70331445616,0.45435806831566544,1.0
stage2_26,car_1,rag_topk5,sc,SELECT COUNT(DISTINCT T2.Model) FROM car_makers AS T1 JOIN model_list AS T2 ON T1.Id = T2.Maker WHERE T1.Country = 'United States',"WITH car_makers_dedup AS (SELECT *, ROW_NUMBER() OVER (PARTITION BY Country ORDER BY rowid DESC) AS rn FROM car_makers), filtered_makers AS (SELECT * FROM car_makers_dedup WHERE rn = 1 AND Country = 'United States') SELECT COUNT(DISTINCT T2.Model) FROM filtered_makers AS T1 JOIN model_list AS T2 ON T1.Id = T2.Maker",0.0,0.0,0.7279151943462897,0.7279151943462897,0.7314487632508834,250469.13881604854,250645.10728625057,250292.70331445616,0.45435806831566544,1.0
stage2_27,car_1,rag_topk5,sc,SELECT MIN(Weight) AS Min_Weight FROM cars_data WHERE Cylinders = 8 AND Year = 1974,"WITH capped_weight AS (SELECT *, MIN(Weight, 4464.0) AS Weight_capped FROM cars_data), filtered_cars AS (SELECT * FROM capped_weight WHERE Cylinders = 8 AND Year = 1974), deduplicated_cars AS (SELECT *, ROW_NUMBER() OVER (PARTITION BY Id ORDER BY rowid DESC) AS rn FROM filtered_cars) SELECT MIN(Weight_capped) AS Min_Weight FROM deduplicated_cars WHERE rn = 1",1.0,4141.0,0.7279151943462897,0.7279151943462897,0.7314487632508834,250469.13881604854,250645.10728625057,250292.70331445616,0.45435806831566544,1.0
stage2_28,car_1,rag_topk5,sc,SELECT COUNT(DISTINCT T1.Maker) FROM car_makers AS T1 JOIN countries AS T2 ON T1.Country = T2.CountryId WHERE T2.Continent = 'Europe',"WITH car_makers_dedup AS (SELECT *, ROW_NUMBER() OVER (PARTITION BY Country ORDER BY rowid DESC) AS rn FROM car_makers), countries_dedup AS (SELECT *, ROW_NUMBER() OVER (PARTITION BY Continent ORDER BY rowid DESC) AS rn FROM countries) SELECT COUNT(DISTINCT T1.Maker) FROM car_makers_dedup AS T1 JOIN countries_dedup AS T2 ON T1.Country = T2.CountryId WHERE T2.Continent = 'Europe'",0.0,0.0,0.7279151943462897,0.7279151943462897,0.7314487632508834,250469.13881604854,250645.10728625057,250292.70331445616,0.45435806831566544,1.0
stage2_29,car_1,rag_topk5,sc,"SELECT Cylinders, MAX(Accelerate) AS Max_Accelerate FROM cars_data GROUP BY Cylinders ORDER BY Cylinders","WITH dedup_cars_data AS (SELECT *, ROW_NUMBER() OVER (PARTITION BY Cylinders ORDER BY rowid DESC) AS rn FROM cars_data), capped_cars_data AS (SELECT *, CASE WHEN Cylinders > 8 THEN 8 ELSE Cylinders END AS Cylinders_capped FROM dedup_cars_data) SELECT Cylinders_capped AS Cylinders, MAX(Accelerate) AS Max_Accelerate FROM capped_cars_data WHERE rn = 1 GROUP BY Cylinders_capped ORDER BY Cylinders_capped",2.8243184004097177,5.383333333333334,0.7279151943462897,0.7279151943462897,0.7314487632508834,250469.13881604854,250645.10728625057,250292.70331445616,0.45435806831566544,1.0
stage2_30,student_transcripts_tracking,rag_topk5,sc,"SELECT d.department_id, d.department_name, COUNT(dp.degree_program_id) AS degree_count FROM Departments AS d JOIN Degree_Programs AS dp ON d.department_id = dp.department_id GROUP BY d.department_id, d.department_name ORDER BY degree_count DESC LIMIT 1","WITH capped_departments AS (SELECT *, MIN(department_id, 14.0) AS department_id_capped FROM Departments), dedup_departments AS (SELECT *, ROW_NUMBER() OVER (PARTITION BY department_name ORDER BY rowid DESC) AS rn FROM capped_departments), capped_degree_programs AS (SELECT *, MIN(degree_program_id, 14.0) AS degree_program_id_capped FROM Degree_Programs), dedup_degree_programs AS (SELECT * FROM capped_degree_programs) SELECT dd.department_id, dd.department_name, COUNT(dpd.degree_program_id) AS degree_count FROM dedup_departments AS dd JOIN dedup_degree_programs AS dpd ON dd.department_id = dpd.department_id GROUP BY dd.department_id, dd.department_name ORDER BY degree_count DESC LIMIT 1",0.0,0.0,0.7279151943462897,0.7279151943462897,0.7314487632508834,250469.13881604854,250645.10728625057,250292.70331445616,0.45435806831566544,1.0
stage2_31,car_1,rag_topk5,sc,SELECT c.CountryName FROM countries AS c WHERE NOT c.CountryId IN (SELECT cm.Country FROM car_makers AS cm),"WITH car_makers_dedup AS (SELECT *, ROW_NUMBER() OVER (PARTITION BY Id ORDER BY rowid DESC) AS rn FROM car_makers), valid_car_makers AS (SELECT Country FROM car_makers_dedup WHERE rn = 1) SELECT c.CountryName FROM countries AS c WHERE NOT c.CountryId IN (SELECT vm.Country FROM valid_car_makers AS vm)",0.0,0.0,0.7279151943462897,0.7279151943462897,0.7314487632508834,250469.13881604854,250645.10728625057,250292.70331445616,0.45435806831566544,1.0
stage2_32,student_transcripts_tracking,rag_topk5,sc,SELECT c.course_name FROM Courses AS c JOIN Student_Enrolment_Courses AS sec ON c.course_id = sec.course_id GROUP BY c.course_name ORDER BY COUNT(sec.student_course_id) DESC LIMIT 1,"WITH dedup_courses AS (SELECT *, ROW_NUMBER() OVER (PARTITION BY course_name ORDER BY rowid DESC) AS rn FROM Courses), dedup_sec AS (SELECT *, ROW_NUMBER() OVER (PARTITION BY course_id ORDER BY rowid DESC) AS rn FROM Student_Enrolment_Courses) SELECT dc.course_name FROM dedup_courses AS dc JOIN dedup_sec AS dsec ON dc.course_id = dsec.course_id GROUP BY dc.course_name ORDER BY COUNT(dsec.student_course_id) DESC LIMIT 1",0.0,0.0,0.7279151943462897,0.7279151943462897,0.7314487632508834,250469.13881604854,250645.10728625057,250292.70331445616,0.45435806831566544,1.0
stage2_33,student_transcripts_tracking,rag_topk5,sc,"SELECT DISTINCT s.semester_name FROM Students AS st JOIN Student_Enrolment AS se ON st.student_id = se.student_id JOIN Semesters AS s ON se.semester_id = s.semester_id WHERE st.student_id IN (SELECT student_id FROM Student_Enrolment WHERE degree_program_id IN (SELECT degree_program_id FROM Degree_Programs WHERE degree_summary_name IN ('Master', 'Bachelor')))","WITH Safe_Semesters AS (SELECT *, MIN(CASE WHEN NOT semester_name IS NULL THEN semester_name ELSE 'Unknown' END, 'Unknown') AS semester_name_capped, MIN(CASE WHEN NOT semester_id IS NULL THEN semester_id ELSE 0 END, 14) AS semester_id_capped FROM Semesters), Dedup_Students AS (SELECT *, ROW_NUMBER() OVER (PARTITION BY student_id ORDER BY rowid DESC) AS rn FROM Students), Dedup_Student_Enrolment AS (SELECT *, ROW_NUMBER() OVER (PARTITION BY student_id, semester_id ORDER BY rowid DESC) AS rn FROM Student_Enrolment), Dedup_Semesters AS (SELECT *, ROW_NUMBER() OVER (PARTITION BY semester_id ORDER BY rowid DESC) AS rn FROM Safe_Semesters) SELECT DISTINCT d_s.semester_name FROM Dedup_Students AS ds JOIN Dedup_Student_Enrolment AS de ON ds.student_id = de.student_id JOIN Dedup_Semesters AS d_s ON de.semester_id = d_s.semester_id WHERE ds.student_id IN (SELECT student_id FROM Dedup_Student_Enrolment WHERE degree_program_id IN (SELECT degree_program_id FROM Degree_Programs WHERE degree_summary_name IN ('Master', 'Bachelor')))",0.0,0.0,0.7279151943462897,0.7279151943462897,0.7314487632508834,250469.13881604854,250645.10728625057,250292.70331445616,0.45435806831566544,1.0
stage2_34,car_1,rag_topk5,sc,"SELECT DISTINCT c.CountryName, c.CountryId FROM countries AS c JOIN car_makers AS cm ON c.CountryId = cm.Country","WITH dedup_cm AS (SELECT *, ROW_NUMBER() OVER (PARTITION BY Country ORDER BY rowid DESC) AS rn FROM car_makers) SELECT DISTINCT c.CountryName, c.CountryId FROM countries AS c JOIN dedup_cm AS cm ON c.CountryId = cm.Country WHERE cm.rn = 1",0.0,0.0,0.7279151943462897,0.7279151943462897,0.7314487632508834,250469.13881604854,250645.10728625057,250292.70331445616,0.45435806831566544,1.0
stage2_35,student_transcripts_tracking,rag_topk5,sc,"SELECT T1.course_id, COUNT(DISTINCT T2.transcript_id) AS transcript_count FROM Student_Enrolment_Courses AS T1 JOIN Transcript_Contents AS T2 ON T1.student_course_id = T2.student_course_id GROUP BY T1.course_id ORDER BY transcript_count DESC LIMIT 1","WITH dedup_transcript_contents AS (SELECT student_course_id, transcript_id, ROW_NUMBER() OVER (PARTITION BY student_course_id ORDER BY rowid DESC) AS rn FROM Transcript_Contents), filtered_transcript_contents AS (SELECT student_course_id, transcript_id FROM dedup_transcript_contents WHERE rn = 1) SELECT T1.course_id, COUNT(DISTINCT T2.transcript_id) AS transcript_count FROM Student_Enrolment_Courses AS T1 JOIN filtered_transcript_contents AS T2 ON T1.student_course_id = T2.student_course_id GROUP BY T1.course_id ORDER BY transcript_count DESC LIMIT 1",1.5,3.0,0.7279151943462897,0.7279151943462897,0.7314487632508834,250469.13881604854,250645.10728625057,250292.70331445616,0.45435806831566544,1.0
stage2_36,student_transcripts_tracking,rag_topk5,sc,SELECT DISTINCT first_name FROM Students WHERE permanent_address_id IN (SELECT address_id FROM Addresses WHERE country = 'Haiti') OR cell_mobile_number = '09700166582',"WITH deduplicated_students AS (SELECT *, ROW_NUMBER() OVER (PARTITION BY permanent_address_id ORDER BY rowid DESC) AS rn_perm, ROW_NUMBER() OVER (PARTITION BY cell_mobile_number ORDER BY rowid DESC) AS rn_cell FROM Students) SELECT DISTINCT first_name FROM deduplicated_students WHERE (rn_perm = 1 AND permanent_address_id IN (SELECT address_id FROM Addresses WHERE country = 'Haiti')) OR (rn_cell = 1 AND cell_mobile_number = '09700166582')",0.0,0.0,0.7279151943462897,0.7279151943462897,0.7314487632508834,250469.13881604854,250645.10728625057,250292.70331445616,0.45435806831566544,1.0
stage2_37,student_transcripts_tracking,rag_topk5,sc,SELECT COUNT(DISTINCT current_address_id) AS distinct_addresses FROM Students,"WITH base AS (SELECT * FROM Students), dedup AS (SELECT *, ROW_NUMBER() OVER (PARTITION BY current_address_id ORDER BY rowid DESC) AS rn FROM base) SELECT COUNT(DISTINCT current_address_id) AS distinct_addresses FROM dedup WHERE rn = 1",1.0,9.0,0.7279151943462897,0.7279151943462897,0.7314487632508834,250469.13881604854,250645.10728625057,250292.70331445616,0.45435806831566544,1.0
stage2_38,student_transcripts_tracking,rag_topk5,sc,"SELECT S.first_name, S.middle_name, S.last_name FROM Students AS S JOIN Student_Enrolment AS SE ON S.student_id = SE.student_id WHERE SE.degree_program_id IN (SELECT degree_program_id FROM Degree_Programs WHERE degree_summary_name LIKE '%Bachelors%')","SELECT S.first_name, S.middle_name, S.last_name FROM Students AS S JOIN Student_Enrolment AS SE ON S.student_id = SE.student_id WHERE SE.degree_program_id IN (SELECT degree_program_id FROM Degree_Programs WHERE degree_summary_name LIKE '%Bachelors%')",0.0,0.0,0.7279151943462897,0.7279151943462897,0.7314487632508834,250469.13881604854,250645.10728625057,250292.70331445616,0.45435806831566544,1.0
stage2_39,car_1,rag_topk5,sc,SELECT MAX(MPG) AS MaxMPG FROM cars_data WHERE Cylinders = 8 OR Year < 1980,"WITH capped_cars_data AS (SELECT *, MIN(Cylinders, 8.0) AS Cylinders_capped, MIN(Year, 1980) AS Year_capped FROM cars_data), dedup_cars_data AS (SELECT *, ROW_NUMBER() OVER (PARTITION BY Cylinders_capped, Year_capped ORDER BY rowid DESC) AS rn FROM capped_cars_data) SELECT MAX(MPG) AS MaxMPG FROM dedup_cars_data WHERE rn = 1 AND (Cylinders_capped = 8 OR Year_capped < 1980)",0.0,0.0,0.7279151943462897,0.7279151943462897,0.7314487632508834,250469.13881604854,250645.10728625057,250292.70331445616,0.45435806831566544,1.0
stage2_40,student_transcripts_tracking,rag_topk5,sc,SELECT DISTINCT s.first_name FROM Students AS s JOIN Addresses AS a ON s.permanent_address_id = a.address_id WHERE a.country = 'Haiti' OR s.cell_mobile_number = '09700166582',"WITH Students_Dedup AS (SELECT *, ROW_NUMBER() OVER (PARTITION BY student_id ORDER BY rowid DESC) AS rn FROM Students), Capped_Cell_Mobile_Number AS (SELECT *, CASE WHEN cell_mobile_number > 9700166582 THEN 9700166582 ELSE cell_mobile_number END AS cell_mobile_number_capped FROM Students_Dedup), Capped_Permanent_Address_ID AS (SELECT *, CASE WHEN permanent_address_id > 15 THEN 15 ELSE permanent_address_id END AS permanent_address_id_capped FROM Capped_Cell_Mobile_Number) SELECT DISTINCT s.first_name FROM Capped_Permanent_Address_ID AS s JOIN Addresses AS a ON s.permanent_address_id_capped = a.address_id WHERE a.country = 'Haiti' OR s.cell_mobile_number_capped = '09700166582'",0.0,0.0,0.7279151943462897,0.7279151943462897,0.7314487632508834,250469.13881604854,250645.10728625057,250292.70331445616,0.45435806831566544,1.0
stage2_41,student_transcripts_tracking,rag_topk5,sc,SELECT DISTINCT s.last_name FROM Students AS s JOIN Addresses AS a ON s.permanent_address_id = a.address_id WHERE a.state_province_county = 'North Carolina' AND NOT s.student_id IN (SELECT se.student_id FROM Student_Enrolment AS se),"WITH Students_Dedup AS (SELECT *, ROW_NUMBER() OVER (PARTITION BY student_id ORDER BY rowid DESC) AS rn FROM Students), Filtered_Students AS (SELECT * FROM Students_Dedup WHERE rn = 1 AND EXISTS(SELECT 1 FROM Addresses AS a WHERE a.address_id = filtered_students.permanent_address_id AND a.state_province_county = 'North Carolina')), Excluded_Students AS (SELECT se.student_id FROM Student_Enrolment AS se) SELECT DISTINCT fs.last_name FROM Filtered_Students AS fs LEFT JOIN Excluded_Students AS es ON fs.student_id = es.student_id WHERE es.student_id IS NULL",0.0,0.0,0.7279151943462897,0.7279151943462897,0.7314487632508834,250469.13881604854,250645.10728625057,250292.70331445616,0.45435806831566544,1.0
stage2_42,student_transcripts_tracking,rag_topk5,sc,SELECT COUNT(DISTINCT dp.degree_program_id) AS degree_count FROM Departments AS d JOIN Degree_Programs AS dp ON d.department_id = dp.department_id WHERE d.department_name = 'Engineering',"WITH Departments_dedup AS (SELECT *, ROW_NUMBER() OVER (PARTITION BY department_id ORDER BY rowid DESC) AS rn FROM Departments), Degree_Programs_dedup AS (SELECT *, ROW_NUMBER() OVER (PARTITION BY degree_program_id ORDER BY rowid DESC) AS rn FROM Degree_Programs) SELECT COUNT(DISTINCT dp.degree_program_id) AS degree_count FROM Departments_dedup AS d JOIN Degree_Programs_dedup AS dp ON d.department_id = dp.department_id WHERE d.department_name = 'Engineering'",0.0,0.0,0.7279151943462897,0.7279151943462897,0.7314487632508834,250469.13881604854,250645.10728625057,250292.70331445616,0.45435806831566544,1.0
stage2_43,car_1,rag_topk5,sc,SELECT COUNT(*) FROM cars_data WHERE Cylinders > 4,SELECT COUNT(*) FROM cars_data WHERE Cylinders > 4,0.020512820512820513,4.0,0.7279151943462897,0.7279151943462897,0.7314487632508834,250469.13881604854,250645.10728625057,250292.70331445616,0.45435806831566544,1.0
stage2_44,student_transcripts_tracking,rag_topk5,sc,"SELECT DISTINCT s.semester_id FROM Student_Enrolment AS se JOIN Degree_Programs AS dp ON se.degree_program_id = dp.degree_program_id JOIN Semesters AS s ON se.semester_id = s.semester_id WHERE dp.degree_summary_name IN ('Masters', 'Bachelors')","WITH Student_Enrolment_dedup AS (SELECT *, ROW_NUMBER() OVER (PARTITION BY semester_id ORDER BY rowid DESC) AS rn FROM Student_Enrolment), Degree_Programs_dedup AS (SELECT *, ROW_NUMBER() OVER (PARTITION BY degree_program_id ORDER BY rowid DESC) AS rn FROM Degree_Programs), Semesters_dedup AS (SELECT *, ROW_NUMBER() OVER (PARTITION BY semester_id ORDER BY rowid DESC) AS rn FROM Semesters) SELECT DISTINCT s.semester_id FROM Student_Enrolment_dedup AS se JOIN Degree_Programs_dedup AS dp ON se.degree_program_id = dp.degree_program_id AND dp.rn = 1 JOIN Semesters_dedup AS s ON se.semester_id = s.semester_id AND s.rn = 1 WHERE dp.degree_summary_name IN ('Masters', 'Bachelors')",0.0,0.0,0.7279151943462897,0.7279151943462897,0.7314487632508834,250469.13881604854,250645.10728625057,250292.70331445616,0.45435806831566544,1.0
stage2_45,car_1,rag_topk5,sc,"SELECT c.CountryName, COUNT(cm.Maker) AS ManufacturerCount FROM countries AS c JOIN car_makers AS cm ON c.CountryId = cm.Country WHERE c.Continent = 'Europe' GROUP BY c.CountryName HAVING ManufacturerCount >= 3","WITH country_dedup AS (SELECT *, ROW_NUMBER() OVER (PARTITION BY Country ORDER BY rowid DESC) AS rn FROM countries), car_makers_dedup AS (SELECT *, ROW_NUMBER() OVER (PARTITION BY Country ORDER BY rowid DESC) AS rn FROM car_makers) SELECT cd.CountryName, COUNT(cmd.Maker) AS ManufacturerCount FROM country_dedup AS cd JOIN car_makers_dedup AS cmd ON cd.CountryId = cmd.Country WHERE cd.Continent = 'Europe' GROUP BY cd.CountryName HAVING ManufacturerCount >= 3",0.0,0.0,0.7279151943462897,0.7279151943462897,0.7314487632508834,250469.13881604854,250645.10728625057,250292.70331445616,0.45435806831566544,1.0
stage2_46,car_1,rag_topk5,sc,SELECT AVG(MPG) AS AvgMPG FROM cars_data WHERE Cylinders = 4,"WITH base AS (SELECT * FROM cars_data), dedup AS (SELECT *, ROW_NUMBER() OVER (PARTITION BY Id ORDER BY rowid DESC) AS rn FROM base) SELECT AVG(MPG) AS AvgMPG FROM dedup WHERE rn = 1 AND Cylinders = 4",1.0,28.862318840579714,0.7279151943462897,0.7279151943462897,0.7314487632508834,250469.13881604854,250645.10728625057,250292.70331445616,0.45435806831566544,1.0
stage2_47,student_transcripts_tracking,rag_topk5,sc,"SELECT dp.degree_summary_name, COUNT(se.student_enrolment_id) AS enrollment_count FROM Degree_Programs AS dp JOIN Student_Enrolment AS se ON dp.degree_program_id = se.degree_program_id GROUP BY dp.degree_summary_name ORDER BY enrollment_count DESC LIMIT 1","WITH cleaned_degree_programs AS (SELECT *, ROW_NUMBER() OVER (PARTITION BY degree_summary_name ORDER BY rowid DESC) AS rn FROM Degree_Programs) SELECT cd.degree_summary_name, COUNT(se.student_enrolment_id) AS enrollment_count FROM cleaned_degree_programs AS cd JOIN Student_Enrolment AS se ON cd.degree_program_id = se.degree_program_id GROUP BY cd.degree_summary_name ORDER BY enrollment_count DESC LIMIT 1",0.0,0.0,0.7279151943462897,0.7279151943462897,0.7314487632508834,250469.13881604854,250645.10728625057,250292.70331445616,0.45435806831566544,1.0
stage2_48,car_1,rag_topk5,sc,SELECT COUNT(*) FROM cars_data WHERE Cylinders > 4,"WITH capped AS (SELECT *, MIN(Cylinders, 8.0) AS Cylinders_capped, MIN(Id, 386.0) AS Id_capped, MIN(Year, 1982.0) AS Year_capped, MIN(Edispl, 400.0) AS Edispl_capped FROM cars_data), dedup AS (SELECT *, ROW_NUMBER() OVER (PARTITION BY Id ORDER BY rowid DESC) AS rn FROM capped) SELECT COUNT(*) FROM dedup WHERE rn = 1 AND Cylinders_capped > 4",1.0,195.0,0.7279151943462897,0.7279151943462897,0.7314487632508834,250469.13881604854,250645.10728625057,250292.70331445616,0.45435806831566544,1.0
stage2_49,car_1,rag_topk5,sc,"SELECT T1.FullName, T1.Id, COUNT(T2.Model) AS ModelCount FROM car_makers AS T1 JOIN model_list AS T2 ON T1.Id = T2.Maker GROUP BY T1.FullName, T1.Id","WITH safe_values AS (SELECT MIN(CASE WHEN Maker IS NULL THEN 1 ELSE Maker END) AS Maker_safe, MIN(CASE WHEN FullName IS NULL THEN 'Unknown' ELSE FullName END) AS FullName_safe, MIN(CASE WHEN Model IS NULL THEN '' ELSE Model END) AS Model_safe FROM car_makers AS T1 JOIN model_list AS T2 ON T1.Id = T2.Maker), deduplicated_makers AS (SELECT Maker_safe AS Maker, FullName_safe AS FullName, Id FROM (SELECT *, ROW_NUMBER() OVER (PARTITION BY Maker ORDER BY rowid DESC) AS rn FROM car_makers) AS base WHERE rn = 1), deduplicated_models AS (SELECT Maker_safe AS Maker, Model_safe AS Model FROM (SELECT *, ROW_NUMBER() OVER (PARTITION BY Maker ORDER BY rowid DESC) AS rn FROM model_list) AS base WHERE rn = 1) SELECT T1.FullName, T1.Id, COUNT(T2.Model) AS ModelCount FROM deduplicated_makers AS T1 JOIN deduplicated_models AS T2 ON T1.Maker = T2.Maker GROUP BY T1.FullName, T1.Id",1.0,12.090909090909092,0.7279151943462897,0.7279151943462897,0.7314487632508834,250469.13881604854,250645.10728625057,250292.70331445616,0.45435806831566544,1.0
stage2_50,student_transcripts_tracking,rag_topk5,sc,SELECT COUNT(DISTINCT department_id) AS distinct_departments FROM Degree_Programs,"WITH base AS (SELECT * FROM Degree_Programs), dedup AS (SELECT *, ROW_NUMBER() OVER (PARTITION BY department_id ORDER BY rowid DESC) AS rn FROM base) SELECT COUNT(DISTINCT department_id) AS distinct_departments FROM dedup WHERE rn = 1",1.0,10.0,0.7279151943462897,0.7279151943462897,0.7314487632508834,250469.13881604854,250645.10728625057,250292.70331445616,0.45435806831566544,1.0
stage2_51,student_transcripts_tracking,rag_topk5,sc,"SELECT dp.degree_program_id, dp.degree_summary_name, COUNT(se.student_id) AS student_count FROM Degree_Programs AS dp JOIN Student_Enrolment AS se ON dp.degree_program_id = se.degree_program_id GROUP BY dp.degree_program_id, dp.degree_summary_name ORDER BY student_count DESC LIMIT 1","WITH base AS (SELECT dp.degree_program_id, dp.degree_summary_name, se.student_id FROM Degree_Programs AS dp JOIN Student_Enrolment AS se ON dp.degree_program_id = se.degree_program_id), dedup_degree_programs AS (WITH base AS (SELECT * FROM Degree_Programs), dedup AS (SELECT *, ROW_NUMBER() OVER (PARTITION BY degree_program_id ORDER BY rowid DESC) AS rn FROM base) SELECT * FROM dedup WHERE rn = 1), dedup_student_enrolment AS (WITH base AS (SELECT * FROM Student_Enrolment), dedup AS (SELECT *, ROW_NUMBER() OVER (PARTITION BY student_id ORDER BY rowid DESC) AS rn FROM base) SELECT * FROM dedup WHERE rn = 1) SELECT ddp.degree_program_id, ddp.degree_summary_name, COUNT(des.student_id) AS student_count FROM dedup_degree_programs AS ddp JOIN dedup_student_enrolment AS des ON ddp.degree_program_id = des.degree_program_id GROUP BY ddp.degree_program_id, ddp.degree_summary_name ORDER BY student_count DESC LIMIT 1",0.0,0.0,0.7279151943462897,0.7279151943462897,0.7314487632508834,250469.13881604854,250645.10728625057,250292.70331445616,0.45435806831566544,1.0
stage2_52,car_1,rag_topk5,sc,"SELECT Year, AVG(Weight) AS Avg_Weight FROM cars_data GROUP BY Year","WITH dedup_weight AS (SELECT *, ROW_NUMBER() OVER (PARTITION BY Weight ORDER BY rowid DESC) AS rn FROM cars_data), dedup_year AS (SELECT *, ROW_NUMBER() OVER (PARTITION BY Year ORDER BY rowid DESC) AS rn FROM cars_data), capped_weight AS (SELECT *, MIN(Weight, 4464.0) AS Weight_capped FROM dedup_weight), capped_year AS (SELECT *, MIN(Year, 1982.0) AS Year_capped FROM dedup_year) SELECT Year_capped AS Year, AVG(Weight_capped) AS Avg_Weight FROM capped_year GROUP BY Year_capped",1.0,2963.7490285564995,0.7279151943462897,0.7279151943462897,0.7314487632508834,250469.13881604854,250645.10728625057,250292.70331445616,0.45435806831566544,1.0
stage2_53,student_transcripts_tracking,rag_topk5,sc,"SELECT d.department_id, d.department_name, COUNT(dp.degree_program_id) AS degree_count FROM Departments AS d JOIN Degree_Programs AS dp ON d.department_id = dp.department_id GROUP BY d.department_id, d.department_name ORDER BY degree_count DESC LIMIT 1","WITH dedup_departments AS (SELECT *, ROW_NUMBER() OVER (PARTITION BY department_id ORDER BY rowid DESC) AS rn FROM Departments) SELECT dd.department_id, dd.department_name, COUNT(dp.degree_program_id) AS degree_count FROM dedup_departments AS dd JOIN Degree_Programs AS dp ON dd.department_id = dp.department_id GROUP BY dd.department_id, dd.department_name ORDER BY degree_count DESC LIMIT 1",0.0,0.0,0.7279151943462897,0.7279151943462897,0.7314487632508834,250469.13881604854,250645.10728625057,250292.70331445616,0.45435806831566544,1.0
stage2_54,student_transcripts_tracking,rag_topk5,sc,SELECT COUNT(DISTINCT dp.degree_program_id) AS degree_count FROM Departments AS d JOIN Degree_Programs AS dp ON d.department_id = dp.department_id WHERE d.department_name = 'Engineering',"WITH capped_department AS (SELECT MIN(department_id, 14.0) AS department_id_capped FROM Departments), deduplicated_departments AS (SELECT *, ROW_NUMBER() OVER (PARTITION BY department_id_capped ORDER BY rowid DESC) AS rn FROM capped_department), filtered_departments AS (SELECT * FROM deduplicated_departments WHERE rn = 1) SELECT COUNT(DISTINCT dp.degree_program_id) AS degree_count FROM filtered_departments AS d JOIN Degree_Programs AS dp ON d.department_id_capped = dp.department_id WHERE d.department_name = 'Engineering'",0.0,0.0,0.7279151943462897,0.7279151943462897,0.7314487632508834,250469.13881604854,250645.10728625057,250292.70331445616,0.45435806831566544,1.0
stage2_55,car_1,rag_topk5,sc,"SELECT cm.Maker, cm.Id, COUNT(ml.Model) AS ModelCount FROM car_makers AS cm JOIN model_list AS ml ON cm.Id = ml.Maker GROUP BY cm.Maker, cm.Id","WITH car_makers_dedup AS (SELECT *, ROW_NUMBER() OVER (PARTITION BY Maker ORDER BY rowid DESC) AS rn FROM car_makers), model_list_dedup AS (SELECT *, ROW_NUMBER() OVER (PARTITION BY Maker ORDER BY rowid DESC) AS rn FROM model_list) SELECT cmm.Maker, cmm.Id, COUNT(mlm.Model) AS ModelCount FROM car_makers_dedup AS cmm JOIN model_list_dedup AS mlm ON cmm.Id = mlm.Maker WHERE cmm.rn = 1 AND mlm.rn = 1 GROUP BY cmm.Maker, cmm.Id",0.0,0.0,0.7279151943462897,0.7279151943462897,0.7314487632508834,250469.13881604854,250645.10728625057,250292.70331445616,0.45435806831566544,1.0
stage2_56,car_1,rag_topk5,sc,SELECT COUNT(*) FROM cars_data WHERE Year = 1980,"WITH base AS (SELECT * FROM cars_data), dedup AS (SELECT *, ROW_NUMBER() OVER (PARTITION BY Id ORDER BY rowid DESC) AS rn FROM base) SELECT COUNT(*) FROM dedup WHERE rn = 1 AND Year = 1980",1.0,29.0,0.7279151943462897,0.7279151943462897,0.7314487632508834,250469.13881604854,250645.10728625057,250292.70331445616,0.45435806831566544,1.0
stage2_57,student_transcripts_tracking,rag_topk5,sc,SELECT COUNT(DISTINCT department_id) AS department_count FROM Degree_Programs,"WITH base AS (SELECT * FROM Degree_Programs), dedup AS (SELECT *, ROW_NUMBER() OVER (PARTITION BY degree_program_id ORDER BY rowid DESC) AS rn FROM base) SELECT COUNT(DISTINCT department_id) AS department_count FROM dedup WHERE rn = 1",1.0,10.0,0.7279151943462897,0.7279151943462897,0.7314487632508834,250469.13881604854,250645.10728625057,250292.70331445616,0.45435806831566544,1.0
stage2_58,car_1,rag_topk5,sc,"SELECT cm.Maker, cm.FullName FROM car_makers AS cm JOIN model_list AS ml ON cm.Id = ml.Maker GROUP BY cm.Maker, cm.FullName HAVING COUNT(ml.ModelId) > 3","WITH safe_car_makers AS (SELECT *, MIN(Id, 22.0) AS Id_capped FROM car_makers), safe_model_list AS (SELECT *, MIN(ModelId, 0) AS ModelId_capped FROM model_list), dedup_safe_car_makers AS (SELECT *, ROW_NUMBER() OVER (PARTITION BY Id_capped ORDER BY rowid DESC) AS rn FROM safe_car_makers), dedup_safe_model_list AS (SELECT *, ROW_NUMBER() OVER (PARTITION BY ModelId_capped ORDER BY rowid DESC) AS rn FROM safe_model_list) SELECT dcm.Maker, dcm.FullName FROM dedup_safe_car_makers AS dcm JOIN dedup_safe_model_list AS dml ON dcm.Id_capped = dml.Maker GROUP BY dcm.Maker, dcm.FullName HAVING COUNT(dml.ModelId_capped) > 3",0.0,0.0,0.7279151943462897,0.7279151943462897,0.7314487632508834,250469.13881604854,250645.10728625057,250292.70331445616,0.45435806831566544,1.0
stage2_59,car_1,rag_topk5,sc,SELECT COUNT(DISTINCT T1.Maker) AS CarMakersInFrance FROM car_makers AS T1 JOIN countries AS T2 ON T1.Country = T2.CountryId WHERE T2.Continent = 'Europe' AND T2.CountryName = 'France',"WITH dedup_car_makers AS (SELECT *, ROW_NUMBER() OVER (PARTITION BY Country ORDER BY rowid DESC) AS rn FROM car_makers), dedup_countries AS (SELECT *, ROW_NUMBER() OVER (PARTITION BY CountryId ORDER BY rowid DESC) AS rn FROM countries) SELECT COUNT(DISTINCT T1.Maker) AS CarMakersInFrance FROM dedup_car_makers AS T1 JOIN dedup_countries AS T2 ON T1.Country = T2.CountryId WHERE T2.Continent = 'Europe' AND T2.CountryName = 'France'",0.0,0.0,0.7279151943462897,0.7279151943462897,0.7314487632508834,250469.13881604854,250645.10728625057,250292.70331445616,0.45435806831566544,1.0
stage2_60,student_transcripts_tracking,rag_topk5,sc,"SELECT c.course_id, c.course_name FROM Courses AS c JOIN Sections AS s ON c.course_id = s.course_id GROUP BY c.course_id, c.course_name HAVING COUNT(s.section_id) < 2","WITH capped_courses AS (SELECT *, MIN(course_id, 14.0) AS course_id_capped FROM Courses), dedup_sections AS (SELECT *, ROW_NUMBER() OVER (PARTITION BY course_id ORDER BY rowid DESC) AS rn FROM Sections), latest_sections AS (SELECT * FROM dedup_sections WHERE rn = 1) SELECT cc.course_id, cc.course_name FROM capped_courses AS cc JOIN latest_sections AS ls ON cc.course_id = ls.course_id GROUP BY cc.course_id, cc.course_name HAVING COUNT(ls.section_id) < 2",0.0,0.0,0.7279151943462897,0.7279151943462897,0.7314487632508834,250469.13881604854,250645.10728625057,250292.70331445616,0.45435806831566544,1.0
stage2_61,car_1,rag_topk5,sc,"SELECT COUNT(*) FROM (WITH base AS (SELECT * FROM cars_data), dedup AS (SELECT *, ROW_NUMBER() OVER (PARTITION BY Year ORDER BY rowid DESC) AS rn FROM base) SELECT * FROM dedup WHERE rn = 1) AS filtered_years WHERE Year = 1980","WITH base AS (SELECT * FROM cars_data), dedup AS (SELECT *, ROW_NUMBER() OVER (PARTITION BY Year ORDER BY rowid DESC) AS rn FROM base), filtered_years AS (SELECT * FROM dedup WHERE rn = 1 AND Year = 1980) SELECT COUNT(*) FROM filtered_years",0.0,0.0,0.7279151943462897,0.7279151943462897,0.7314487632508834,250469.13881604854,250645.10728625057,250292.70331445616,0.45435806831566544,1.0
stage2_62,car_1,rag_topk5,sc,"WITH model_counts AS (SELECT Maker, COUNT(*) AS model_count FROM model_list GROUP BY Maker), maker_counts AS (SELECT Maker, COUNT(DISTINCT Model) AS maker_count FROM model_list GROUP BY Maker) SELECT mc.Maker, cmc.model_count, cmc.maker_count FROM model_counts AS mc JOIN maker_counts AS cmc ON mc.Maker = cmc.Maker WHERE mc.model_count >= 2 AND cmc.maker_count > 3","WITH model_counts AS (SELECT Maker, COUNT(*) AS model_count FROM model_list GROUP BY Maker), maker_counts AS (SELECT Maker, COUNT(DISTINCT Model) AS maker_count FROM model_list GROUP BY Maker) SELECT mc.Maker, cmc.model_count, cmc.maker_count FROM model_counts AS mc JOIN maker_counts AS cmc ON mc.Maker = cmc.Maker WHERE mc.model_count >= 2 AND cmc.maker_count > 3",0.0,0.0,0.7279151943462897,0.7279151943462897,0.7314487632508834,250469.13881604854,250645.10728625057,250292.70331445616,0.45435806831566544,1.0
stage2_63,student_transcripts_tracking,rag_topk5,sc,"SELECT a.address_id, a.line_1, a.line_2 FROM Addresses AS a JOIN Students AS s ON a.address_id IN (s.current_address_id, s.permanent_address_id) GROUP BY a.address_id, a.line_1, a.line_2 ORDER BY COUNT(s.student_id) DESC LIMIT 1","WITH base_addresses AS (SELECT a.address_id, a.line_1, a.line_2 FROM Addresses AS a), base_students AS (SELECT s.student_id, s.current_address_id, s.permanent_address_id FROM Students AS s), joined_data AS (SELECT ba.address_id, ba.line_1, ba.line_2, bs.student_id FROM base_addresses AS ba JOIN base_students AS bs ON ba.address_id IN (bs.current_address_id, bs.permanent_address_id)), student_counts AS (SELECT address_id, line_1, line_2, COUNT(student_id) AS student_count FROM joined_data GROUP BY address_id, line_1, line_2) SELECT address_id, line_1, line_2 FROM student_counts ORDER BY student_count DESC LIMIT 1",0.0,0.0,0.7279151943462897,0.7279151943462897,0.7314487632508834,250469.13881604854,250645.10728625057,250292.70331445616,0.45435806831566544,1.0
stage2_64,car_1,rag_topk5,sc,"SELECT DISTINCT c.Continent, cn.CountryName, cm.Maker, ml.Model FROM continents AS c JOIN countries AS cn ON c.ContId = cn.ContinentId JOIN car_makers AS cm ON cn.CountryId = cm.Country JOIN model_list AS ml ON cm.Id = ml.Maker WHERE ml.Model = 'fiat' GROUP BY c.Continent, cn.CountryName, cm.Maker, ml.Model HAVING COUNT(cm.Maker) > 3","WITH base_cm AS (SELECT *, ROW_NUMBER() OVER (PARTITION BY Country ORDER BY rowid DESC) AS rn FROM car_makers), dedup_cm AS (SELECT * FROM base_cm WHERE rn = 1), base_ml AS (SELECT * FROM model_list WHERE Model <> 'fiat') SELECT DISTINCT c.Continent, cn.CountryName, cm.Maker, ml.Model FROM continents AS c JOIN countries AS cn ON c.ContId = cn.ContinentId JOIN dedup_cm AS cm ON cn.CountryId = cm.Country JOIN base_ml AS ml ON cm.Id = ml.Maker GROUP BY c.Continent, cn.CountryName, cm.Maker, ml.Model HAVING COUNT(cm.Maker) > 3",0.0,0.0,0.7279151943462897,0.7279151943462897,0.7314487632508834,250469.13881604854,250645.10728625057,250292.70331445616,0.45435806831566544,1.0
stage2_65,student_transcripts_tracking,rag_topk5,sc,"SELECT c.course_name, COUNT(sec.student_course_id) AS enrollment_count FROM Courses AS c JOIN Student_Enrolment_Courses AS sec ON c.course_id = sec.course_id GROUP BY c.course_name ORDER BY enrollment_count DESC LIMIT 1","WITH capped_courses AS (SELECT *, MIN(course_id, 14.0) AS course_id_capped FROM Courses), dedup_courses AS (SELECT *, ROW_NUMBER() OVER (PARTITION BY course_id_capped ORDER BY rowid DESC) AS rn FROM capped_courses), filtered_courses AS (SELECT * FROM dedup_courses WHERE rn = 1), capped_sec AS (SELECT *, MIN(course_id, 14.0) AS course_id_capped FROM Student_Enrolment_Courses), dedup_sec AS (SELECT *, ROW_NUMBER() OVER (PARTITION BY course_id_capped ORDER BY rowid DESC) AS rn FROM capped_sec), filtered_sec AS (SELECT * FROM dedup_sec WHERE rn = 1) SELECT fc.course_name, COUNT(fsec.student_course_id) AS enrollment_count FROM filtered_courses AS fc JOIN filtered_sec AS fsec ON fc.course_id_capped = fsec.course_id_capped GROUP BY fc.course_name ORDER BY enrollment_count DESC LIMIT 1",1.0,2.0,0.7279151943462897,0.7279151943462897,0.7314487632508834,250469.13881604854,250645.10728625057,250292.70331445616,0.45435806831566544,1.0
stage2_66,car_1,rag_topk5,sc,SELECT AVG(cars_data.Edispl) AS avg_edispl FROM cars_data JOIN model_list ON cars_data.Maker = model_list.Maker WHERE model_list.Model = 'volvo',"WITH safe_values AS (SELECT *, MIN(Edispl, 400.0) AS Edispl_capped, MIN(Id, 386.0) AS Id_capped, MIN(Year, 1982.0) AS Year_capped, MIN(MPG, 37.0) AS MPG_capped, MIN(Weight, 4464.0) AS Weight_capped FROM cars_data), dedup_cars_data AS (SELECT *, ROW_NUMBER() OVER (PARTITION BY Id ORDER BY rowid DESC) AS rn FROM safe_values) SELECT AVG(dedup_cars_data.Edispl_capped) AS avg_edispl FROM dedup_cars_data JOIN model_list ON dedup_cars_data.Maker = model_list.Maker WHERE model_list.Model = 'volvo' AND dedup_cars_data.rn = 1",0.0,0.0,0.7279151943462897,0.7279151943462897,0.7314487632508834,250469.13881604854,250645.10728625057,250292.70331445616,0.45435806831566544,1.0
stage2_67,car_1,rag_topk5,sc,"SELECT c.Continent, COUNT(DISTINCT cm.Id) AS Count FROM car_makers AS cm JOIN countries AS co ON cm.Country = co.CountryId JOIN continents AS c ON co.Continent = c.ContId GROUP BY c.Continent","WITH car_makers_dedup AS (SELECT *, ROW_NUMBER() OVER (PARTITION BY Id ORDER BY rowid DESC) AS rn FROM car_makers), countries_dedup AS (SELECT *, ROW_NUMBER() OVER (PARTITION BY CountryId ORDER BY rowid DESC) AS rn FROM countries), continents_dedup AS (SELECT *, ROW_NUMBER() OVER (PARTITION BY ContId ORDER BY rowid DESC) AS rn FROM continents) SELECT c.Continent, COUNT(DISTINCT cm_dedup.Id) AS Count FROM car_makers_dedup AS cm_dedup JOIN countries_dedup AS co_dedup ON cm_dedup.Country = co_dedup.CountryId JOIN continents_dedup AS c_dedup ON co_dedup.Continent = c_dedup.ContId WHERE cm_dedup.rn = 1 AND co_dedup.rn = 1 AND c_dedup.rn = 1 GROUP BY c_dedup.Continent",1.0,7.333333333333333,0.7279151943462897,0.7279151943462897,0.7314487632508834,250469.13881604854,250645.10728625057,250292.70331445616,0.45435806831566544,1.0
stage2_68,car_1,rag_topk5,sc,"SELECT cm.Id, cm.Maker FROM car_makers AS cm JOIN model_list AS ml ON cm.Id = ml.Maker GROUP BY cm.Id, cm.Maker HAVING COUNT(ml.ModelId) >= 2","SELECT cm.Id, cm.Maker FROM car_makers AS cm JOIN model_list AS ml ON cm.Id = ml.Maker GROUP BY cm.Id, cm.Maker HAVING COUNT(ml.ModelId) >= 2",0.0,0.0,0.7279151943462897,0.7279151943462897,0.7314487632508834,250469.13881604854,250645.10728625057,250292.70331445616,0.45435806831566544,1.0
stage2_69,car_1,rag_topk5,sc,"SELECT c.Continent, cn.CountryName FROM countries AS c JOIN car_makers AS cm ON c.CountryId = cm.Country WHERE cm.Maker = 'Fiat' GROUP BY c.Continent, cn.CountryName HAVING COUNT(cm.Id) > 3 OR EXISTS(SELECT 1 FROM car_makers AS cm2 JOIN model_list AS ml ON cm2.Id = ml.Maker WHERE cm2.Country = c.CountryId AND ml.Model = 'Fiat')","WITH safe_country AS (SELECT *, MIN(Country, 3.5) AS Country_safe FROM car_makers), safe_cm AS (SELECT *, MIN(Id, 22.0) AS Id_safe FROM car_makers), dedup_countries AS (SELECT *, ROW_NUMBER() OVER (PARTITION BY CountryId ORDER BY rowid DESC) AS rn FROM safe_country), dedup_cm AS (SELECT *, ROW_NUMBER() OVER (PARTITION BY Id ORDER BY rowid DESC) AS rn FROM safe_cm) SELECT dc.Continent, dcn.CountryName FROM dedup_countries AS dc JOIN dedup_cm AS dcm ON dc.CountryId = dcm.Country WHERE dcm.Maker = 'Fiat' GROUP BY dc.Continent, dcn.CountryName HAVING COUNT(dcm.Id) > 3 OR EXISTS(SELECT 1 FROM dedup_cm AS dcm2 JOIN model_list AS ml ON dcm2.Id = ml.Maker WHERE dcm2.Country = dc.CountryId AND ml.Model = 'Fiat')",0.0,0.0,0.7279151943462897,0.7279151943462897,0.7314487632508834,250469.13881604854,250645.10728625057,250292.70331445616,0.45435806831566544,1.0
stage2_70,car_1,rag_topk5,sc,"SELECT T2.Continent, T2.CountryName, COUNT(T1.Maker) AS MakerCount FROM car_makers AS T1 JOIN countries AS T2 ON T1.Country = T2.CountryId GROUP BY T2.Continent, T2.CountryName ORDER BY MakerCount DESC LIMIT 1","WITH capped AS (SELECT *, CASE WHEN Id > 22.0 THEN 22.0 ELSE Id END AS Id_capped FROM car_makers), dedup_countries AS (SELECT *, ROW_NUMBER() OVER (PARTITION BY CountryId ORDER BY rowid DESC) AS rn FROM countries), dedup_makers AS (SELECT *, ROW_NUMBER() OVER (PARTITION BY Id ORDER BY rowid DESC) AS rn FROM capped) SELECT T2.Continent, T2.CountryName, COUNT(T1.Maker) AS MakerCount FROM dedup_makers AS T1 JOIN dedup_countries AS T2 ON T1.Country = T2.CountryId GROUP BY T2.Continent, T2.CountryName ORDER BY MakerCount DESC LIMIT 1",0.0,0.0,0.7279151943462897,0.7279151943462897,0.7314487632508834,250469.13881604854,250645.10728625057,250292.70331445616,0.45435806831566544,1.0
stage2_71,car_1,rag_topk5,sc,SELECT T1.Model FROM car_names AS T1 JOIN cars_data AS T2 ON T1.MakeId = T2.MakeId WHERE T2.Weight < (SELECT AVG(Weight) FROM cars_data),"WITH avg_weight AS (SELECT AVG(Weight) AS avg_weight FROM cars_data), filtered_cars AS (SELECT T1.Model FROM car_names AS T1 JOIN cars_data AS T2 ON T1.MakeId = T2.MakeId WHERE T2.Weight < (SELECT avg_weight FROM avg_weight)), deduplicated_models AS (SELECT DISTINCT Model FROM filtered_cars) SELECT * FROM deduplicated_models",0.0,0.0,0.7279151943462897,0.7279151943462897,0.7314487632508834,250469.13881604854,250645.10728625057,250292.70331445616,0.45435806831566544,1.0
stage2_72,car_1,rag_topk5,sc,SELECT c.CountryName FROM countries AS c JOIN car_makers AS cm ON c.CountryId = cm.Country WHERE c.Continent = 2 /* Assuming 'Europe' maps to 2 in the Continents table */ GROUP BY c.CountryName HAVING COUNT(cm.Maker) >= 3,"WITH countries_dedup AS (SELECT *, ROW_NUMBER() OVER (PARTITION BY CountryId ORDER BY rowid DESC) AS rn FROM countries), car_makers_dedup AS (SELECT *, ROW_NUMBER() OVER (PARTITION BY Id ORDER BY rowid DESC) AS rn FROM car_makers), filtered_countries AS (SELECT * FROM countries_dedup WHERE rn = 1), filtered_car_makers AS (SELECT * FROM car_makers_dedup WHERE rn = 1), joined_tables AS (SELECT fc.CountryName, fcm.Maker FROM filtered_countries AS fc JOIN filtered_car_makers AS fcm ON fc.CountryId = fcm.Country), grouped_results AS (SELECT CountryName, COUNT(Maker) AS ManufacturerCount FROM joined_tables GROUP BY CountryName) SELECT CountryName FROM grouped_results WHERE ManufacturerCount >= 3",0.0,0.0,0.7279151943462897,0.7279151943462897,0.7314487632508834,250469.13881604854,250645.10728625057,250292.70331445616,0.45435806831566544,1.0
stage2_73,student_transcripts_tracking,rag_topk5,sc,"SELECT S.first_name, S.middle_name, S.last_name FROM Students AS S JOIN Student_Enrolment AS SE ON S.student_id = SE.student_id JOIN Degree_Programs AS DP ON SE.degree_program_id = DP.degree_program_id WHERE DP.degree_summary_name LIKE '%Bachelor%'","WITH capped_degree_program AS (SELECT *, MIN(degree_summary_name, 'Bachelor') AS degree_summary_name_capped FROM Degree_Programs), dedup_students AS (SELECT *, ROW_NUMBER() OVER (PARTITION BY student_id ORDER BY rowid DESC) AS rn FROM Students), dedup_student_enrolment AS (SELECT *, ROW_NUMBER() OVER (PARTITION BY student_enrolment_id ORDER BY rowid DESC) AS rn FROM Student_Enrolment) SELECT S.first_name, S.middle_name, S.last_name FROM dedup_students AS S JOIN dedup_student_enrolment AS SE ON S.student_id = SE.student_id JOIN capped_degree_program AS DP ON SE.degree_program_id = DP.degree_program_id WHERE DP.degree_summary_name_capped LIKE '%Bachelor%'",0.0,0.0,0.7279151943462897,0.7279151943462897,0.7314487632508834,250469.13881604854,250645.10728625057,250292.70331445616,0.45435806831566544,1.0
stage2_74,car_1,rag_topk5,sc,"SELECT T1.Maker, T2.Year FROM car_makers AS T1 JOIN cars_data AS T2 ON T1.Id = T2.Id ORDER BY T2.Year ASC LIMIT 1","WITH capped_years AS (SELECT *, MIN(Year, 1982.0) AS Year_capped FROM cars_data), dedup_years AS (SELECT *, ROW_NUMBER() OVER (PARTITION BY Year_capped ORDER BY rowid DESC) AS rn FROM capped_years) SELECT T1.Maker, T2.Year_capped AS Year FROM car_makers AS T1 JOIN dedup_years AS T2 ON T1.Id = T2.Id WHERE T2.rn = 1 ORDER BY T2.Year_capped ASC LIMIT 1",1.0,1970.0,0.7279151943462897,0.7279151943462897,0.7314487632508834,250469.13881604854,250645.10728625057,250292.70331445616,0.45435806831566544,1.0
stage2_75,student_transcripts_tracking,rag_topk5,sc,"SELECT a.address_id, a.line_1, a.line_2, a.line_3 FROM Addresses AS a JOIN Students AS s ON a.address_id = s.current_address_id GROUP BY a.address_id, a.line_1, a.line_2, a.line_3 ORDER BY COUNT(s.student_id) DESC LIMIT 1","WITH capped_students AS (WITH base AS (SELECT * FROM Students), dedup AS (SELECT *, ROW_NUMBER() OVER (PARTITION BY current_address_id ORDER BY rowid DESC) AS rn FROM base) SELECT * FROM dedup WHERE rn = 1), capped_addresses AS (WITH base AS (SELECT * FROM Addresses), dedup AS (SELECT *, ROW_NUMBER() OVER (PARTITION BY address_id ORDER BY rowid DESC) AS rn FROM base) SELECT * FROM dedup WHERE rn = 1) SELECT ca.address_id, ca.line_1, ca.line_2, ca.line_3 FROM capped_addresses AS ca JOIN capped_students AS cs ON ca.address_id = cs.current_address_id GROUP BY ca.address_id, ca.line_1, ca.line_2, ca.line_3 ORDER BY COUNT(cs.student_id) DESC LIMIT 1",0.0,0.0,0.7279151943462897,0.7279151943462897,0.7314487632508834,250469.13881604854,250645.10728625057,250292.70331445616,0.45435806831566544,1.0
stage2_76,car_1,rag_topk5,sc,"SELECT DISTINCT cn.MakeId, cn.Make FROM car_names AS cn JOIN cars_data AS cd ON cn.MakeId = cd.Id WHERE cd.Horsepower > (SELECT MIN(Horsepower) FROM cars_data) AND cd.Cylinders <= 3","WITH min_horsepower AS (SELECT MIN(Horsepower) AS min_hp FROM cars_data), filtered_cars AS (SELECT * FROM cars_data WHERE Horsepower > (SELECT min_hp FROM min_horsepower) AND Cylinders <= 3), dedup_cars AS (SELECT *, ROW_NUMBER() OVER (PARTITION BY MakeId ORDER BY rowid DESC) AS rn FROM filtered_cars) SELECT MakeId, Make FROM car_names JOIN dedup_cars AS dc ON car_names.MakeId = dc.MakeId WHERE dc.rn = 1",0.0,0.0,0.7279151943462897,0.7279151943462897,0.7314487632508834,250469.13881604854,250645.10728625057,250292.70331445616,0.45435806831566544,1.0
stage2_77,car_1,rag_topk5,sc,"SELECT COUNT(T2.Model), T1.FullName FROM car_makers AS T1 JOIN model_list AS T2 ON T1.Maker = T2.Maker GROUP BY T1.FullName","WITH dedup_continent AS (SELECT *, ROW_NUMBER() OVER (PARTITION BY Continent ORDER BY rowid DESC) AS rn FROM continents), dedup_country AS (SELECT *, ROW_NUMBER() OVER (PARTITION BY CountryId ORDER BY rowid DESC) AS rn FROM countries), dedup_car_makers AS (SELECT *, ROW_NUMBER() OVER (PARTITION BY Id ORDER BY rowid DESC) AS rn FROM car_makers), dedup_model_list AS (SELECT *, ROW_NUMBER() OVER (PARTITION BY ModelId ORDER BY rowid DESC) AS rn FROM model_list), dedup_cars_data AS (SELECT *, ROW_NUMBER() OVER (PARTITION BY Id ORDER BY rowid DESC) AS rn FROM cars_data) SELECT COUNT(T2.Model), T1.FullName FROM dedup_car_makers AS T1 JOIN dedup_model_list AS T2 ON T1.Maker = T2.Maker GROUP BY T1.FullName",0.0,0.0,0.7279151943462897,0.7279151943462897,0.7314487632508834,250469.13881604854,250645.10728625057,250292.70331445616,0.45435806831566544,1.0
stage2_78,student_transcripts_tracking,rag_topk5,sc,"SELECT dp.degree_program_id, dp.degree_summary_name FROM Degree_Programs AS dp JOIN Student_Enrolment AS se ON dp.degree_program_id = se.degree_program_id GROUP BY dp.degree_program_id, dp.degree_summary_name ORDER BY COUNT(se.student_id) DESC LIMIT 1","WITH safe_student_enrolment AS (WITH base AS (SELECT * FROM Student_Enrolment), dedup AS (SELECT *, ROW_NUMBER() OVER (PARTITION BY degree_program_id ORDER BY rowid DESC) AS rn FROM base) SELECT * FROM dedup WHERE rn = 1), safe_degree_programs AS (SELECT * FROM Degree_Programs) SELECT dp.degree_program_id, dp.degree_summary_name FROM safe_degree_programs AS dp JOIN safe_student_enrolment AS se ON dp.degree_program_id = se.degree_program_id GROUP BY dp.degree_program_id, dp.degree_summary_name ORDER BY COUNT(se.student_id) DESC LIMIT 1",0.0,0.0,0.7279151943462897,0.7279151943462897,0.7314487632508834,250469.13881604854,250645.10728625057,250292.70331445616,0.45435806831566544,1.0
stage2_79,car_1,rag_topk5,sc,"SELECT c.Continent, COUNT(cm.Maker) AS CarMakersCount FROM continents AS c JOIN car_makers AS cm ON c.ContId = cm.Country GROUP BY c.Continent ORDER BY c.Continent","WITH dedup_continents AS (SELECT *, ROW_NUMBER() OVER (PARTITION BY ContId ORDER BY rowid DESC) AS rn FROM continents), dedup_car_makers AS (SELECT *, ROW_NUMBER() OVER (PARTITION BY Id ORDER BY rowid DESC) AS rn FROM car_makers) SELECT dc.Continent, COUNT(dcm.Maker) AS CarMakersCount FROM dedup_continents AS dc JOIN dedup_car_makers AS dcm ON dc.ContId = dcm.Country GROUP BY dc.Continent ORDER BY dc.Continent",0.1,0.4,0.7279151943462897,0.7279151943462897,0.7314487632508834,250469.13881604854,250645.10728625057,250292.70331445616,0.45435806831566544,1.0
stage2_80,car_1,rag_topk5,sc,"SELECT T1.Make, T2.Year FROM car_names AS T1 JOIN cars_data AS T2 ON T1.MakeId = T2.MakeId ORDER BY T2.Year ASC LIMIT 1","WITH capped_years AS (SELECT *, MIN(Year, 1982.0) AS Year_capped FROM cars_data), dedup_years AS (SELECT *, ROW_NUMBER() OVER (PARTITION BY Year_capped ORDER BY rowid DESC) AS rn FROM capped_years) SELECT T1.Make, T2.Year_capped AS Year FROM car_names AS T1 JOIN dedup_years AS T2 ON T1.MakeId = T2.MakeId WHERE T2.rn = 1 ORDER BY T2.Year_capped ASC LIMIT 1",0.0,0.0,0.7279151943462897,0.7279151943462897,0.7314487632508834,250469.13881604854,250645.10728625057,250292.70331445616,0.45435806831566544,1.0
stage2_81,car_1,rag_topk5,sc,SELECT DISTINCT T1.CountryName FROM countries AS T1 LEFT JOIN car_makers AS T2 ON T1.CountryId = T2.Country,"WITH dedup_countries AS (SELECT *, ROW_NUMBER() OVER (PARTITION BY CountryId ORDER BY rowid DESC) AS rn FROM countries), filtered_countries AS (SELECT CountryName FROM dedup_countries LEFT JOIN car_makers AS T2 ON dedup_countries.CountryId = T2.Country WHERE T2.Id IS NULL) SELECT DISTINCT CountryName FROM filtered_countries",0.0,0.0,0.7279151943462897,0.7279151943462897,0.7314487632508834,250469.13881604854,250645.10728625057,250292.70331445616,0.45435806831566544,1.0
stage2_82,car_1,rag_topk5,sc,SELECT AVG(MPG) AS AvgMPG FROM cars_data WHERE Cylinders = 4,"WITH base AS (SELECT * FROM cars_data), dedup AS (SELECT *, ROW_NUMBER() OVER (PARTITION BY Id ORDER BY rowid DESC) AS rn FROM base) SELECT AVG(MPG) AS AvgMPG FROM dedup WHERE Cylinders = 4 AND rn = 1",1.0,28.862318840579714,0.7279151943462897,0.7279151943462897,0.7314487632508834,250469.13881604854,250645.10728625057,250292.70331445616,0.45435806831566544,1.0
stage2_83,car_1,rag_topk5,sc,"WITH model_counts AS (SELECT Maker, COUNT(ModelId) AS model_count FROM model_list GROUP BY Maker), filtered_makers AS (SELECT m.Maker, m.MakeName FROM model_counts AS mc JOIN car_makers AS cm ON mc.Maker = cm.Id JOIN car_names AS cn ON cm.Id = cn.MakeId WHERE mc.model_count > 3) SELECT Maker, ModelId FROM filtered_makers AS fm JOIN model_list AS ml ON fm.Maker = ml.Maker","WITH model_counts AS (SELECT Maker, COUNT(ModelId) AS model_count FROM model_list GROUP BY Maker), filtered_makers AS (SELECT m.Maker, m.MakeName FROM model_counts AS mc JOIN car_makers AS cm ON mc.Maker = cm.Id JOIN car_names AS cn ON cm.Id = cn.MakeId WHERE mc.model_count > 3), dedup_model_list AS (WITH base AS (SELECT * FROM model_list), dedup AS (SELECT *, ROW_NUMBER() OVER (PARTITION BY ModelId ORDER BY rowid DESC) AS rn FROM base) SELECT * FROM dedup WHERE rn = 1) SELECT Maker, ModelId FROM filtered_makers AS fm JOIN dedup_model_list AS ml ON fm.Maker = ml.Maker",0.0,0.0,0.7279151943462897,0.7279151943462897,0.7314487632508834,250469.13881604854,250645.10728625057,250292.70331445616,0.45435806831566544,1.0
stage2_84,car_1,rag_topk5,sc,SELECT COUNT(*) FROM cars_data WHERE Accelerate > (SELECT MAX(Horsepower) FROM cars_data),"WITH capped_horsepower AS (SELECT *, MIN(Horsepower, 180.0) AS Horsepower_capped FROM cars_data), dedup_horsepower AS (SELECT *, ROW_NUMBER() OVER (PARTITION BY Horsepower_capped ORDER BY rowid DESC) AS rn FROM capped_horsepower), filtered_horsepower AS (SELECT * FROM dedup_horsepower WHERE rn = 1), capped_accelerate AS (SELECT *, MIN(Accelerate, 20.4) AS Accelerate_capped FROM cars_data), dedup_accelerate AS (SELECT *, ROW_NUMBER() OVER (PARTITION BY Accelerate_capped ORDER BY rowid DESC) AS rn FROM capped_accelerate), filtered_accelerate AS (SELECT * FROM dedup_accelerate WHERE rn = 1) SELECT COUNT(*) FROM filtered_accelerate WHERE Accelerate_capped > (SELECT MAX(Horsepower_capped) FROM filtered_horsepower)",0.0,0.0,0.7279151943462897,0.7279151943462897,0.7314487632508834,250469.13881604854,250645.10728625057,250292.70331445616,0.45435806831566544,1.0
stage2_85,car_1,rag_topk5,sc,SELECT COUNT(*) FROM cars_data WHERE Accelerate > (SELECT MAX(Horsepower) FROM cars_data),"WITH capped_horsepower AS (SELECT *, MIN(Horsepower, 180.0) AS Horsepower_capped FROM cars_data), dedup_horsepower AS (SELECT *, ROW_NUMBER() OVER (PARTITION BY Horsepower_capped ORDER BY rowid DESC) AS rn FROM capped_horsepower), filtered_horsepower AS (SELECT * FROM dedup_horsepower WHERE rn = 1), capped_accelerate AS (SELECT *, MIN(Accelerate, 20.4) AS Accelerate_capped FROM filtered_horsepower), dedup_accelerate AS (SELECT *, ROW_NUMBER() OVER (PARTITION BY Accelerate_capped ORDER BY rowid DESC) AS rn FROM capped_accelerate) SELECT COUNT(*) FROM dedup_accelerate WHERE rn = 1 AND Accelerate_capped > (SELECT MAX(Horsepower_capped) FROM filtered_horsepower)",0.0,0.0,0.7279151943462897,0.7279151943462897,0.7314487632508834,250469.13881604854,250645.10728625057,250292.70331445616,0.45435806831566544,1.0
stage2_86,car_1,rag_topk5,sc,"SELECT T2.Model, COUNT(T1.Make) AS VersionCount FROM car_names AS T1 JOIN model_list AS T2 ON T1.Model = T2.Model GROUP BY T2.Model ORDER BY VersionCount DESC LIMIT 1","WITH dedup AS (SELECT *, ROW_NUMBER() OVER (PARTITION BY MakeId ORDER BY rowid DESC) AS rn FROM car_names), filtered AS (SELECT * FROM dedup WHERE rn = 1) SELECT T2.Model, COUNT(T1.Make) AS VersionCount FROM filtered AS T1 JOIN model_list AS T2 ON T1.Model = T2.Model GROUP BY T2.Model ORDER BY VersionCount DESC LIMIT 1",0.0,0.0,0.7279151943462897,0.7279151943462897,0.7314487632508834,250469.13881604854,250645.10728625057,250292.70331445616,0.45435806831566544,1.0
stage2_87,student_transcripts_tracking,rag_topk5,sc,"SELECT AVG(COALESCE(transcript_date, '1970-01-01')) AS avg_transcript_date FROM Transcripts","SELECT AVG(COALESCE(transcript_date, '1970-01-01')) AS avg_transcript_date FROM Transcripts",0.0,0.0,0.7279151943462897,0.7279151943462897,0.7314487632508834,250469.13881604854,250645.10728625057,250292.70331445616,0.45435806831566544,1.0
stage2_88,car_1,rag_topk5,sc,SELECT COUNT(CountryId) AS NumberOfCountries FROM countries,"WITH capped AS (SELECT *, MIN(CountryId, 14.0) AS CountryId_capped FROM countries), dedup AS (SELECT *, ROW_NUMBER() OVER (PARTITION BY CountryId_capped ORDER BY rowid DESC) AS rn FROM capped) SELECT COUNT(CountryId_capped) AS NumberOfCountries FROM dedup WHERE rn = 1",1.0,15.0,0.7279151943462897,0.7279151943462897,0.7314487632508834,250469.13881604854,250645.10728625057,250292.70331445616,0.45435806831566544,1.0
stage2_89,student_transcripts_tracking,rag_topk5,sc,"SELECT T1.transcript_id, T1.transcript_date FROM Transcripts AS T1 JOIN Transcript_Contents AS T2 ON T1.transcript_id = T2.transcript_id GROUP BY T1.transcript_id, T1.transcript_date HAVING COUNT(T2.student_course_id) >= 2 ORDER BY T1.transcript_date","WITH base_transcripts AS (SELECT *, ROW_NUMBER() OVER (PARTITION BY transcript_id ORDER BY rowid DESC) AS rn FROM Transcripts), dedup_transcripts AS (SELECT * FROM base_transcripts WHERE rn = 1), base_contents AS (SELECT *, ROW_NUMBER() OVER (PARTITION BY transcript_id ORDER BY rowid DESC) AS rn FROM Transcript_Contents), dedup_contents AS (SELECT * FROM base_contents WHERE rn = 1) SELECT T1.transcript_id, T1.transcript_date FROM dedup_transcripts AS T1 JOIN dedup_contents AS T2 ON T1.transcript_id = T2.transcript_id GROUP BY T1.transcript_id, T1.transcript_date HAVING COUNT(T2.student_course_id) >= 2 ORDER BY T1.transcript_date",0.0,0.0,0.7279151943462897,0.7279151943462897,0.7314487632508834,250469.13881604854,250645.10728625057,250292.70331445616,0.45435806831566544,1.0
stage2_90,car_1,rag_topk5,sc,SELECT COUNT(*) FROM (SELECT * FROM cars_data WHERE Horsepower > 150),"WITH capped AS (SELECT *, MIN(Horsepower, 180.0) AS Horsepower_capped FROM cars_data), dedup AS (SELECT *, ROW_NUMBER() OVER (PARTITION BY Id ORDER BY rowid DESC) AS rn FROM capped) SELECT COUNT(*) FROM dedup WHERE rn = 1 AND Horsepower_capped > 150",1.0,281.0,0.7279151943462897,0.7279151943462897,0.7314487632508834,250469.13881604854,250645.10728625057,250292.70331445616,0.45435806831566544,1.0
stage2_91,student_transcripts_tracking,rag_topk5,sc,"SELECT AVG(transcript_date) AS avg_transcript_date FROM (WITH base AS (SELECT * FROM Transcripts), dedup AS (SELECT *, ROW_NUMBER() OVER (PARTITION BY transcript_id ORDER BY rowid DESC) AS rn FROM base) SELECT * FROM dedup WHERE rn = 1)","SELECT AVG(transcript_date) AS avg_transcript_date FROM (WITH base AS (SELECT * FROM Transcripts), dedup AS (SELECT *, ROW_NUMBER() OVER (PARTITION BY transcript_id ORDER BY rowid DESC) AS rn FROM base) SELECT * FROM dedup WHERE rn = 1)",0.0,0.0,0.7279151943462897,0.7279151943462897,0.7314487632508834,250469.13881604854,250645.10728625057,250292.70331445616,0.45435806831566544,1.0
stage2_92,car_1,rag_topk5,sc,SELECT COUNT(DISTINCT Continent) AS NumberOfContinents FROM continents,SELECT COUNT(DISTINCT Continent) AS NumberOfContinents FROM continents,0.0,0.0,0.7279151943462897,0.7279151943462897,0.7314487632508834,250469.13881604854,250645.10728625057,250292.70331445616,0.45435806831566544,1.0
stage2_93,student_transcripts_tracking,rag_topk5,sc,SELECT COUNT(DISTINCT degree_summary_name) AS distinct_degree_names FROM Degree_Programs,"WITH dedup AS (SELECT *, ROW_NUMBER() OVER (PARTITION BY degree_summary_name ORDER BY degree_program_id DESC) AS rn FROM Degree_Programs) SELECT COUNT(DISTINCT degree_summary_name) AS distinct_degree_names FROM dedup WHERE rn = 1",0.0,0.0,0.7279151943462897,0.7279151943462897,0.7314487632508834,250469.13881604854,250645.10728625057,250292.70331445616,0.45435806831566544,1.0
stage2_94,car_1,rag_topk5,sc,"SELECT Model, COUNT(DISTINCT Model) AS VersionCount FROM model_list GROUP BY Model ORDER BY VersionCount DESC LIMIT 1","WITH dedup AS (SELECT *, ROW_NUMBER() OVER (PARTITION BY Model ORDER BY rowid DESC) AS rn FROM model_list) SELECT Model, COUNT(DISTINCT Model) AS VersionCount FROM dedup WHERE rn = 1 GROUP BY Model ORDER BY VersionCount DESC LIMIT 1",1.0,1.0,0.7279151943462897,0.7279151943462897,0.7314487632508834,250469.13881604854,250645.10728625057,250292.70331445616,0.45435806831566544,1.0
stage2_95,student_transcripts_tracking,rag_topk5,sc,"SELECT transcript_id, transcript_date FROM (SELECT transcript_id, transcript_date, ROW_NUMBER() OVER (ORDER BY transcript_date ASC) AS rn FROM Transcripts) WHERE rn = 1","SELECT transcript_id, transcript_date FROM (SELECT transcript_id, transcript_date, ROW_NUMBER() OVER (ORDER BY transcript_date ASC) AS rn FROM Transcripts) WHERE rn = 1",0.0,0.0,0.7279151943462897,0.7279151943462897,0.7314487632508834,250469.13881604854,250645.10728625057,250292.70331445616,0.45435806831566544,1.0
stage2_96,student_transcripts_tracking,rag_topk5,sc,"SELECT S.first_name, S.middle_name, S.last_name, S.student_id FROM Students AS S JOIN Student_Enrolment AS SE ON S.student_id = SE.student_id WHERE SE.degree_program_id IN (SELECT degree_program_id FROM Student_Enrolment GROUP BY student_id, semester_id HAVING COUNT(DISTINCT degree_program_id) = 2)","WITH StudentEnrolmentDedup AS (SELECT student_id, semester_id, degree_program_id, ROW_NUMBER() OVER (PARTITION BY student_id, semester_id ORDER BY rowid DESC) AS rn FROM Student_Enrolment), FilteredEnrolments AS (SELECT student_id, semester_id, degree_program_id FROM StudentEnrolmentDedup WHERE rn = 1 GROUP BY student_id, semester_id HAVING COUNT(DISTINCT degree_program_id) = 2) SELECT S.first_name, S.middle_name, S.last_name, S.student_id FROM Students AS S JOIN FilteredEnrolments AS FE ON S.student_id = FE.student_id",0.0,0.0,0.7279151943462897,0.7279151943462897,0.7314487632508834,250469.13881604854,250645.10728625057,250292.70331445616,0.45435806831566544,1.0
stage2_97,student_transcripts_tracking,rag_topk5,sc,SELECT COUNT(DISTINCT transcript_id) AS total_transcripts FROM Transcripts,"WITH base AS (SELECT * FROM Transcripts), dedup AS (SELECT *, ROW_NUMBER() OVER (PARTITION BY transcript_id ORDER BY rowid DESC) AS rn FROM base) SELECT COUNT(DISTINCT transcript_id) AS total_transcripts FROM dedup WHERE rn = 1",1.0,15.0,0.7279151943462897,0.7279151943462897,0.7314487632508834,250469.13881604854,250645.10728625057,250292.70331445616,0.45435806831566544,1.0
stage2_98,student_transcripts_tracking,rag_topk5,sc,SELECT COUNT(DISTINCT transcript_id) AS num_transcripts FROM Transcripts,"WITH dedup AS (SELECT *, ROW_NUMBER() OVER (PARTITION BY transcript_id ORDER BY rowid DESC) AS rn FROM Transcripts) SELECT COUNT(DISTINCT transcript_id) AS num_transcripts FROM dedup WHERE rn = 1",0.0,0.0,0.7279151943462897,0.7279151943462897,0.7314487632508834,250469.13881604854,250645.10728625057,250292.70331445616,0.45435806831566544,1.0
stage2_99,student_transcripts_tracking,rag_topk5,sc,"SELECT s.semester_id, s.semester_name, COUNT(se.student_id) AS student_count FROM Student_Enrolment AS se JOIN Semesters AS s ON se.semester_id = s.semester_id GROUP BY s.semester_id, s.semester_name ORDER BY student_count DESC LIMIT 1","WITH capped_semesters AS (SELECT semester_id, MIN(semester_id, 14.0) AS semester_id_capped FROM Semesters), deduped_semesters AS (SELECT semester_id_capped AS semester_id, semester_name, ROW_NUMBER() OVER (PARTITION BY semester_id ORDER BY rowid DESC) AS rn FROM capped_semesters), filtered_semesters AS (SELECT semester_id, semester_name FROM deduped_semesters WHERE rn = 1) SELECT f.semester_id, f.semester_name, COUNT(se.student_id) AS student_count FROM Student_Enrolment AS se JOIN filtered_semesters AS f ON se.semester_id = f.semester_id GROUP BY f.semester_id, f.semester_name ORDER BY student_count DESC LIMIT 1",0.0,0.0,0.7279151943462897,0.7279151943462897,0.7314487632508834,250469.13881604854,250645.10728625057,250292.70331445616,0.45435806831566544,1.0
stage2_100,student_transcripts_tracking,rag_topk5,sc,"SELECT t.transcript_id, t.transcript_date FROM Transcripts AS t JOIN (SELECT transcript_id, COUNT(*) AS result_count FROM Transcript_Contents GROUP BY transcript_id) AS tc ON t.transcript_id = tc.transcript_id ORDER BY tc.result_count ASC LIMIT 1","WITH dedup_transcripts AS (SELECT *, ROW_NUMBER() OVER (PARTITION BY transcript_id ORDER BY rowid DESC) AS rn FROM Transcripts), dedup_contents AS (SELECT *, ROW_NUMBER() OVER (PARTITION BY student_course_id ORDER BY rowid DESC) AS rn FROM Transcript_Contents) SELECT dt.transcript_id, dt.transcript_date FROM dedup_transcripts AS dt JOIN (SELECT tc.transcript_id, COUNT(*) AS result_count FROM dedup_contents AS tc GROUP BY tc.transcript_id) AS tc ON dt.transcript_id = tc.transcript_id ORDER BY tc.result_count ASC LIMIT 1",0.0,0.0,0.7279151943462897,0.7279151943462897,0.7314487632508834,250469.13881604854,250645.10728625057,250292.70331445616,0.45435806831566544,1.0
stage2_101,student_transcripts_tracking,rag_topk5,sc,"SELECT COUNT(DISTINCT course_id) AS total_courses FROM (SELECT MIN(course_id, 14.0) AS course_id FROM Courses)","WITH capped AS (SELECT MIN(course_id, 14.0) AS course_id FROM Courses), dedup AS (SELECT course_id, ROW_NUMBER() OVER (PARTITION BY course_id ORDER BY rowid DESC) AS rn FROM capped) SELECT COUNT(*) AS total_courses FROM dedup WHERE rn = 1",1.0,14.0,0.7279151943462897,0.7279151943462897,0.7314487632508834,250469.13881604854,250645.10728625057,250292.70331445616,0.45435806831566544,1.0
stage2_102,student_transcripts_tracking,rag_topk5,sc,"SELECT S.first_name, S.middle_name, S.last_name, SE.student_id, COUNT(SE.student_enrolment_id) AS num_enrollments FROM Students AS S JOIN Student_Enrolment AS SE ON S.student_id = SE.student_id GROUP BY SE.student_id ORDER BY num_enrollments DESC LIMIT 1","WITH Student_Enrolment_dedup AS (SELECT *, ROW_NUMBER() OVER (PARTITION BY student_id ORDER BY rowid DESC) AS rn FROM Student_Enrolment), Student_Enrolment_filtered AS (SELECT * FROM Student_Enrolment_dedup WHERE rn = 1), Students_dedup AS (SELECT *, ROW_NUMBER() OVER (PARTITION BY student_id ORDER BY rowid DESC) AS rn FROM Students), Students_filtered AS (SELECT * FROM Students_dedup WHERE rn = 1) SELECT SF.first_name, SF.middle_name, SF.last_name, SEF.student_id, COUNT(SEF.student_enrolment_id) AS num_enrollments FROM Students_filtered AS SF JOIN Student_Enrolment_filtered AS SEF ON SF.student_id = SEF.student_id GROUP BY SEF.student_id ORDER BY num_enrollments DESC LIMIT 1",0.0,0.0,0.7279151943462897,0.7279151943462897,0.7314487632508834,250469.13881604854,250645.10728625057,250292.70331445616,0.45435806831566544,1.0
stage2_103,student_transcripts_tracking,rag_topk5,sc,SELECT COUNT(course_id) AS total_courses FROM Courses,SELECT COUNT(course_id) AS total_courses FROM Courses,0.0,0.0,0.7279151943462897,0.7279151943462897,0.7314487632508834,250469.13881604854,250645.10728625057,250292.70331445616,0.45435806831566544,1.0
stage2_104,student_transcripts_tracking,rag_topk5,sc,"SELECT s.student_id, s.first_name, s.middle_name, s.last_name, COUNT(se.student_enrolment_id) AS num_enrollments FROM Students AS s JOIN Student_Enrolment AS se ON s.student_id = se.student_id GROUP BY s.student_id, s.first_name, s.middle_name, s.last_name ORDER BY num_enrollments DESC LIMIT 1","WITH students_dedup AS (SELECT student_id, first_name, middle_name, last_name, ROW_NUMBER() OVER (PARTITION BY student_id ORDER BY rowid DESC) AS rn FROM Students), student_enrolment_dedup AS (SELECT student_enrolment_id, student_id, ROW_NUMBER() OVER (PARTITION BY student_enrolment_id ORDER BY rowid DESC) AS rn FROM Student_Enrolment), capped_student_enrolment AS (SELECT student_enrolment_id, MIN(student_enrolment_id, 14.0) AS student_enrolment_id_capped FROM Student_Enrolment) SELECT sd.student_id, sd.first_name, sd.middle_name, sd.last_name, COUNT(cse.student_enrolment_id_capped) AS num_enrollments FROM students_dedup AS sd JOIN student_enrolment_dedup AS sed ON sd.student_id = sed.student_id AND sed.rn = 1 LEFT JOIN capped_student_enrolment AS cse ON sed.student_enrolment_id = cse.student_enrolment_id WHERE sd.rn = 1 GROUP BY sd.student_id, sd.first_name, sd.middle_name, sd.last_name ORDER BY num_enrollments DESC LIMIT 1",0.0,0.0,0.7279151943462897,0.7279151943462897,0.7314487632508834,250469.13881604854,250645.10728625057,250292.70331445616,0.45435806831566544,1.0
stage2_105,student_transcripts_tracking,rag_topk5,sc,"SELECT S.first_name, S.middle_name, S.last_name, S.student_id, SE.degree_program_id FROM Students AS S JOIN Student_Enrolment AS SE ON S.student_id = SE.student_id WHERE SE.degree_program_id IN (SELECT degree_program_id FROM Student_Enrolment AS SE2 WHERE SE2.student_id = S.student_id GROUP BY SE2.student_id HAVING COUNT(DISTINCT SE2.degree_program_id) = 2)","WITH Student_Dedup AS (SELECT student_id, first_name, middle_name, last_name FROM Students GROUP BY student_id, first_name, middle_name, last_name), Filtered_Enrolments AS (SELECT SE.student_id, SE.degree_program_id FROM Student_Enrolment AS SE JOIN Student_Dedup AS SD ON SE.student_id = SD.student_id WHERE SE.degree_program_id IN (SELECT degree_program_id FROM Student_Enrolment AS SE2 WHERE SE2.student_id = SD.student_id GROUP BY SE2.student_id HAVING COUNT(DISTINCT SE2.degree_program_id) = 2)) SELECT SD.first_name, SD.middle_name, SD.last_name, SD.student_id, FE.degree_program_id FROM Student_Dedup AS SD JOIN Filtered_Enrolments AS FE ON SD.student_id = FE.student_id",0.0,0.0,0.7279151943462897,0.7279151943462897,0.7314487632508834,250469.13881604854,250645.10728625057,250292.70331445616,0.45435806831566544,1.0
stage2_106,car_1,rag_topk5,sc,SELECT COUNT(CountryId) AS NumberOfCountries FROM countries,SELECT COUNT(CountryId) AS NumberOfCountries FROM countries,0.0,0.0,0.7279151943462897,0.7279151943462897,0.7314487632508834,250469.13881604854,250645.10728625057,250292.70331445616,0.45435806831566544,1.0
stage2_107,student_transcripts_tracking,rag_topk5,sc,"SELECT t.transcript_id, t.transcript_date FROM Transcripts AS t JOIN (SELECT transcript_id, COUNT(*) AS course_count FROM Transcript_Contents GROUP BY transcript_id) AS tc ON t.transcript_id = tc.transcript_id WHERE tc.course_count >= 2","WITH base AS (SELECT * FROM Transcripts), dedup AS (SELECT *, ROW_NUMBER() OVER (PARTITION BY transcript_id ORDER BY rowid DESC) AS rn FROM base) SELECT d.transcript_id, d.transcript_date FROM dedup AS d JOIN (SELECT transcript_id, COUNT(*) AS course_count FROM Transcript_Contents GROUP BY transcript_id) AS tc ON d.transcript_id = tc.transcript_id WHERE tc.course_count >= 2",0.0,0.0,0.7279151943462897,0.7279151943462897,0.7314487632508834,250469.13881604854,250645.10728625057,250292.70331445616,0.45435806831566544,1.0
stage2_108,car_1,rag_topk5,sc,SELECT COUNT(DISTINCT Continent) AS NumberOfContinents FROM continents,"WITH dedup AS (SELECT *, ROW_NUMBER() OVER (PARTITION BY Continent ORDER BY rowid DESC) AS rn FROM continents) SELECT COUNT(DISTINCT Continent) AS NumberOfContinents FROM dedup WHERE rn = 1",0.0,0.0,0.7279151943462897,0.7279151943462897,0.7314487632508834,250469.13881604854,250645.10728625057,250292.70331445616,0.45435806831566544,1.0
stage2_109,student_transcripts_tracking,rag_topk5,sc,SELECT COUNT(DISTINCT degree_program_id) AS distinct_degrees FROM Degree_Programs,"WITH dedup_degree_programs AS (SELECT *, ROW_NUMBER() OVER (PARTITION BY degree_summary_name ORDER BY rowid DESC) AS rn1, ROW_NUMBER() OVER (PARTITION BY degree_summary_description ORDER BY rowid DESC) AS rn2 FROM Degree_Programs), filtered_degree_programs AS (SELECT * FROM dedup_degree_programs WHERE rn1 = 1 AND rn2 = 1) SELECT COUNT(DISTINCT degree_program_id) AS distinct_degrees FROM filtered_degree_programs",0.8,12.0,0.7279151943462897,0.7279151943462897,0.7314487632508834,250469.13881604854,250645.10728625057,250292.70331445616,0.45435806831566544,1.0
stage2_110,student_transcripts_tracking,rag_topk5,sc,"SELECT s.semester_id, s.semester_name, COUNT(e.student_id) AS student_count FROM Semesters AS s JOIN Student_Enrolment AS e ON s.semester_id = e.semester_id GROUP BY s.semester_id, s.semester_name ORDER BY student_count DESC LIMIT 1","WITH capped_semesters AS (SELECT MIN(semester_id, 14.0) AS semester_id_capped, semester_name, semester_description, other_details FROM Semesters), dedup_semesters AS (SELECT semester_id_capped AS semester_id, semester_name, semester_description, other_details, ROW_NUMBER() OVER (PARTITION BY semester_id ORDER BY rowid DESC) AS rn FROM capped_semesters) SELECT d.semester_id, d.semester_name, COUNT(e.student_id) AS student_count FROM dedup_semesters AS d JOIN Student_Enrolment AS e ON d.semester_id = e.semester_id GROUP BY d.semester_id, d.semester_name ORDER BY student_count DESC LIMIT 1",0.0,0.0,0.7279151943462897,0.7279151943462897,0.7314487632508834,250469.13881604854,250645.10728625057,250292.70331445616,0.45435806831566544,1.0
stage2_111,car_1,rag_topk5,sc,"SELECT COUNT(*) FROM cars_data WHERE CAST(REPLACE(Horsepower, ',', '') AS REAL) > 150","WITH base AS (SELECT * FROM cars_data), dedup AS (SELECT *, ROW_NUMBER() OVER (PARTITION BY Horsepower ORDER BY rowid DESC) AS rn FROM base), capped AS (SELECT *, MIN(CAST(REPLACE(Horsepower, ',', '') AS REAL), 180.0) AS Horsepower_capped FROM capped) SELECT COUNT(*) FROM capped WHERE Horsepower_capped > 150",0.0,0.0,0.7279151943462897,0.7279151943462897,0.7314487632508834,250469.13881604854,250645.10728625057,250292.70331445616,0.45435806831566544,1.0
