question_id,db_id,category,technique,plan_steps,basic_sql,robust_sql,notes,exact_match,exec_match,select_precision,select_recall,select_f1,where_precision,where_recall,where_f1,group_precision,group_recall,group_f1,order_precision,order_recall,order_f1,having_precision,having_recall,having_f1
stage1_0,car_1,filter_agg,baseline,2,SELECT COUNT(*) FROM cars_data WHERE Cylinders > 6,WITH DedupCars AS (SELECT DISTINCT Id FROM cars_data) SELECT COUNT(*) FROM DedupCars WHERE Cylinders > 6,### NOTES | No quality-repairs required.,True,True,1.0,1.0,1.0,1.0,1.0,1.0,1.0,1.0,1.0,1.0,1.0,1.0,1.0,1.0,1.0
stage1_1,cre_Doc_Template_Mgt,filter_agg,baseline,6,SELECT COUNT(*) AS Total_Documents FROM Documents,"WITH base AS (SELECT * FROM Documents), dedup AS (SELECT *, ROW_NUMBER() OVER (PARTITION BY Document_ID ORDER BY rowid DESC) AS rn FROM base) SELECT COUNT(*) AS Total_Documents FROM dedup WHERE rn = 1",### NOTES | No quality-repairs required.,False,False,0.0,0.0,1.0,1.0,1.0,1.0,1.0,1.0,1.0,1.0,1.0,1.0,1.0,1.0,1.0
stage1_2,orchestra,filter_agg,baseline,3,SELECT COUNT(DISTINCT Nationality) AS Unique_Nationalities FROM conductor,WITH dedup AS (SELECT Nationality FROM conductor GROUP BY Nationality) SELECT COUNT(*) AS Unique_Nationalities FROM dedup,### NOTES | No quality-repairs required.,False,False,0.0,0.0,1.0,1.0,1.0,1.0,1.0,1.0,1.0,1.0,1.0,1.0,1.0,1.0,1.0
stage1_3,dog_kennels,filter_agg,baseline,6,SELECT AVG(CAST(age AS REAL)) AS avg_age FROM Dogs,"WITH capped AS (SELECT *, CASE WHEN CAST(age AS REAL) > 9.0 THEN 9.0 ELSE CAST(age AS REAL) END AS age_capped FROM Dogs), dedup AS (SELECT *, ROW_NUMBER() OVER (PARTITION BY dog_id ORDER BY rowid DESC) AS rn FROM capped) SELECT AVG(age_capped) AS avg_age FROM dedup WHERE rn = 1",### NOTES | No quality-repairs required.,False,False,0.0,0.0,1.0,1.0,1.0,1.0,1.0,1.0,1.0,1.0,1.0,1.0,1.0,1.0,1.0
stage1_4,student_transcripts_tracking,filter_agg,baseline,4,SELECT * FROM Sections WHERE section_name = 'h',"WITH base AS (SELECT * FROM Sections), dedup AS (SELECT *, ROW_NUMBER() OVER (PARTITION BY section_name ORDER BY rowid DESC) AS rn FROM base) SELECT * FROM dedup WHERE rn = 1",### NOTES | No quality-repairs required.,False,False,0.0,0.0,1.0,1.0,1.0,1.0,1.0,1.0,1.0,1.0,1.0,1.0,1.0,1.0,1.0
stage1_5,cre_Doc_Template_Mgt,filter_agg,baseline,4,"SELECT DISTINCT Template_ID FROM Templates WHERE Template_Type_Code IN ('PP', 'PPT')","WITH filtered AS (SELECT * FROM Templates WHERE Template_Type_Code IN ('PP', 'PPT')), dedup AS (SELECT *, ROW_NUMBER() OVER (PARTITION BY Template_ID ORDER BY rowid DESC) AS rn FROM filtered) SELECT Template_ID FROM dedup WHERE rn = 1",### NOTES | No quality-repairs required.,False,True,0.0,0.0,1.0,0.0,0.0,1.0,1.0,1.0,1.0,1.0,1.0,1.0,1.0,1.0,1.0
stage1_6,orchestra,filter_agg,baseline,4,SELECT Name FROM conductor WHERE Nationality <> 'USA',"WITH dedup AS (SELECT *, ROW_NUMBER() OVER (PARTITION BY Conductor_ID ORDER BY rowid DESC) AS rn FROM conductor) SELECT Name FROM dedup WHERE rn = 1 AND Nationality <> 'USA'",### NOTES | No quality-repairs required.,True,True,1.0,1.0,1.0,1.0,1.0,1.0,1.0,1.0,1.0,1.0,1.0,1.0,1.0,1.0,1.0
stage1_7,student_transcripts_tracking,filter_agg,baseline,4,SELECT COUNT(*) AS total_courses FROM Courses,"WITH base AS (SELECT * FROM Courses), dedup AS (SELECT *, ROW_NUMBER() OVER (PARTITION BY course_id ORDER BY rowid DESC) AS rn FROM base) SELECT COUNT(*) AS total_courses FROM dedup WHERE rn = 1",### NOTES | No quality-repairs required.,False,False,0.0,0.0,1.0,1.0,1.0,1.0,1.0,1.0,1.0,1.0,1.0,1.0,1.0,1.0,1.0
stage1_8,car_1,filter_agg,baseline,3,SELECT AVG(MPG) AS AvgMPG FROM cars_data WHERE Cylinders = 4,"WITH cleaned_cars_data AS (SELECT DISTINCT Id, MPG, Cylinders, Edispl, Horsepower, Weight, Accelerate, Year FROM cars_data) SELECT AVG(MPG) AS AvgMPG FROM cleaned_cars_data WHERE Cylinders = 4",### NOTES | No quality-repairs required.,False,False,0.0,0.0,1.0,1.0,1.0,1.0,1.0,1.0,1.0,1.0,1.0,1.0,1.0,1.0,1.0
stage1_9,cre_Doc_Template_Mgt,filter_agg,baseline,3,SELECT COUNT(DISTINCT Template_ID) AS Unique_Templates FROM Documents,"WITH dedup AS (SELECT *, ROW_NUMBER() OVER (PARTITION BY Document_ID ORDER BY rowid DESC) AS rn FROM Documents) SELECT COUNT(DISTINCT Template_ID) AS Unique_Templates FROM dedup WHERE rn = 1",### NOTES | No quality-repairs required.,False,False,0.0,0.0,1.0,1.0,1.0,1.0,1.0,1.0,1.0,1.0,1.0,1.0,1.0,1.0,1.0
stage1_10,orchestra,filter_agg,baseline,5,SELECT Name FROM conductor ORDER BY Age DESC,"WITH capped AS (SELECT *, CASE WHEN Age > 11 THEN 11 ELSE Age END AS Age_capped FROM conductor), dedup AS (SELECT *, ROW_NUMBER() OVER (PARTITION BY Name ORDER BY rowid DESC) AS rn FROM capped) SELECT Name FROM dedup WHERE rn = 1 ORDER BY Age_capped DESC",### NOTES | No quality-repairs required.,False,False,1.0,1.0,1.0,1.0,1.0,1.0,1.0,1.0,1.0,0.0,0.0,1.0,1.0,1.0,1.0
stage1_11,dog_kennels,filter_agg,baseline,4,"SELECT COUNT(*) FROM Dogs WHERE CAST(REPLACE(age, ',', '') AS REAL) < (SELECT AVG(CAST(REPLACE(age, ',', '') AS REAL)) FROM Dogs)","WITH SafeAge AS (SELECT *, MIN(CAST(REPLACE(age, ',', '') AS REAL), 9.0) AS safe_age FROM Dogs), AveragedDogs AS (SELECT AVG(safe_age) AS avg_age FROM SafeAge) SELECT COUNT(*) FROM SafeAge WHERE safe_age < (SELECT avg_age FROM AveragedDogs)",### NOTES | No quality-repairs required.,False,False,1.0,1.0,1.0,0.0,0.0,1.0,1.0,1.0,1.0,1.0,1.0,1.0,1.0,1.0,1.0
stage1_12,dog_kennels,filter_agg,baseline,3,"SELECT DISTINCT email_address FROM Professionals WHERE state IN ('Hawaii', 'Wisconsin')","WITH filtered AS (SELECT * FROM Professionals WHERE state IN ('Hawaii', 'Wisconsin')), dedup AS (SELECT *, ROW_NUMBER() OVER (PARTITION BY professional_id ORDER BY rowid DESC) AS rn FROM filtered) SELECT email_address FROM dedup WHERE rn = 1",### NOTES | No quality-repairs required.,False,True,1.0,1.0,1.0,0.0,0.0,1.0,1.0,1.0,1.0,1.0,1.0,1.0,1.0,1.0,1.0
stage1_13,cre_Doc_Template_Mgt,filter_agg,baseline,4,"SELECT Document_ID, Template_ID, Document_Description FROM Documents WHERE Document_Name = 'Robbin CV'","WITH base AS (SELECT * FROM Documents), dedup AS (SELECT *, ROW_NUMBER() OVER (PARTITION BY Document_ID ORDER BY rowid DESC) AS rn FROM base) SELECT Document_ID, Template_ID, Document_Description FROM dedup WHERE rn = 1 AND Document_Name = 'Robbin CV'",### NOTES | No quality-repairs required.,False,True,0.3333333333333333,0.3333333333333333,0.3333333333333333,0.0,0.0,1.0,1.0,1.0,1.0,1.0,1.0,1.0,1.0,1.0,1.0
stage1_14,concert_singer,filter_agg,baseline,4,"SELECT Location, Name FROM stadium WHERE Capacity BETWEEN 5000 AND 10000","WITH dedup AS (SELECT *, ROW_NUMBER() OVER (PARTITION BY Stadium_ID ORDER BY rowid DESC) AS rn FROM stadium), filtered AS (SELECT * FROM dedup WHERE rn = 1 AND Capacity BETWEEN 5000 AND 10000) SELECT Location, Name FROM filtered",### NOTES | No quality-repairs required.,True,True,0.0,0.0,1.0,0.0,0.0,1.0,1.0,1.0,1.0,1.0,1.0,1.0,1.0,1.0,1.0
stage1_15,cre_Doc_Template_Mgt,filter_agg,baseline,3,SELECT COUNT(*) FROM Templates WHERE Template_Type_Code = 'CV',"WITH dedup AS (SELECT *, ROW_NUMBER() OVER (PARTITION BY Template_ID ORDER BY rowid DESC) AS rn FROM Templates) SELECT COUNT(*) FROM dedup WHERE rn = 1 AND Template_Type_Code = 'CV'",### NOTES | No quality-repairs required.,False,True,1.0,1.0,1.0,0.0,0.0,1.0,1.0,1.0,1.0,1.0,1.0,1.0,1.0,1.0,1.0
stage1_16,employee_hire_evaluation,filter_agg,baseline,5,SELECT DISTINCT s.Name FROM shop AS s WHERE NOT EXISTS(SELECT 1 FROM hiring AS h WHERE h.Shop_ID = s.Shop_ID),"WITH shop_with_employees AS (SELECT Shop_ID FROM hiring), filtered_shops AS (SELECT s.* FROM shop AS s LEFT JOIN shop_with_employees AS sw ON s.Shop_ID = sw.Shop_ID WHERE sw.Shop_ID IS NULL) SELECT DISTINCT f.Name FROM filtered_shops AS f",### NOTES | No quality-repairs required.,False,True,0.0,0.0,1.0,0.0,0.0,1.0,1.0,1.0,1.0,1.0,1.0,1.0,1.0,1.0,1.0
stage1_17,cre_Doc_Template_Mgt,filter_agg,baseline,4,"SELECT Document_ID, COUNT(*) AS Paragraph_Count FROM Paragraphs GROUP BY Document_ID ORDER BY Document_ID","WITH base AS (SELECT * FROM Paragraphs), dedup AS (SELECT *, ROW_NUMBER() OVER (PARTITION BY Document_ID ORDER BY rowid DESC) AS rn FROM base) SELECT Document_ID, COUNT(*) AS Paragraph_Count FROM dedup WHERE rn = 1 GROUP BY Document_ID ORDER BY Document_ID",### NOTES | No quality-repairs required.,False,False,0.0,0.0,1.0,1.0,1.0,1.0,0.0,0.0,1.0,0.0,0.0,1.0,1.0,1.0,1.0
stage1_18,dog_kennels,filter_agg,baseline,4,"SELECT date_arrived, date_departed FROM Dogs","SELECT date_arrived, date_departed FROM Dogs",### NOTES | No quality-repairs required.,True,True,1.0,1.0,1.0,1.0,1.0,1.0,1.0,1.0,1.0,1.0,1.0,1.0,1.0,1.0,1.0
stage1_19,orchestra,filter_agg,baseline,3,SELECT COUNT(DISTINCT Nationality) AS Number_of_Different_Nationalities FROM conductor,"WITH dedup AS (SELECT Nationality, ROW_NUMBER() OVER (PARTITION BY Nationality ORDER BY rowid DESC) AS rn FROM conductor) SELECT COUNT(DISTINCT Nationality) AS Number_of_Different_Nationalities FROM dedup WHERE rn = 1",### NOTES | No quality-repairs required.,False,False,0.0,0.0,1.0,1.0,1.0,1.0,1.0,1.0,1.0,1.0,1.0,1.0,1.0,1.0,1.0
stage1_20,cre_Doc_Template_Mgt,filter_agg,baseline,5,"SELECT Template_ID, COUNT(*) AS Usage_Count FROM Documents GROUP BY Template_ID","WITH base AS (SELECT * FROM Documents), dedup AS (SELECT *, ROW_NUMBER() OVER (PARTITION BY Document_ID ORDER BY rowid DESC) AS rn FROM base), capped AS (SELECT *, MIN(Template_ID, 25.0) AS Template_ID_capped, MIN(Document_ID, 16514113.0) AS Document_ID_capped FROM dedup) SELECT Template_ID_capped AS Template_ID, COUNT(*) AS Usage_Count FROM capped GROUP BY Template_ID_capped",### NOTES | No quality-repairs required.,False,False,0.0,0.0,1.0,1.0,1.0,1.0,0.0,0.0,1.0,1.0,1.0,1.0,1.0,1.0,1.0
stage1_21,student_transcripts_tracking,filter_agg,baseline,3,"SELECT line_1, line_2 FROM Addresses","WITH Deduplicated_Addresses AS (SELECT line_1, line_2 FROM (SELECT line_1 AS line_1, line_2 AS line_2, ROW_NUMBER() OVER (PARTITION BY address_id ORDER BY address_id) AS _row_number FROM Addresses) AS _t WHERE _row_number = 1) SELECT line_1, line_2 FROM Deduplicated_Addresses",### NOTES | No quality-repairs required.,True,True,1.0,1.0,1.0,1.0,1.0,1.0,1.0,1.0,1.0,1.0,1.0,1.0,1.0,1.0,1.0
stage1_22,orchestra,filter_agg,baseline,5,SELECT Record_Company FROM orchestra ORDER BY Year_of_Founded DESC,"WITH capped AS (SELECT *, CASE WHEN Year_of_Founded > 11.0 THEN 11.0 ELSE Year_of_Founded END AS Year_of_Founded_capped FROM orchestra), dedup AS (SELECT *, ROW_NUMBER() OVER (PARTITION BY Orchestra_ID ORDER BY rowid DESC) AS rn FROM capped) SELECT Record_Company FROM dedup WHERE rn = 1 ORDER BY Year_of_Founded_capped DESC",### NOTES | No quality-repairs required.,True,True,1.0,1.0,1.0,1.0,1.0,1.0,1.0,1.0,1.0,1.0,1.0,1.0,1.0,1.0,1.0
stage1_23,cre_Doc_Template_Mgt,filter_agg,baseline,4,"SELECT Template_Type_Code, COUNT(*) AS Number_of_Templates FROM Templates GROUP BY Template_Type_Code ORDER BY Template_Type_Code","WITH dedup AS (SELECT *, ROW_NUMBER() OVER (PARTITION BY Template_ID ORDER BY rowid DESC) AS rn FROM Templates) SELECT Template_Type_Code, COUNT(*) AS Number_of_Templates FROM dedup WHERE rn = 1 GROUP BY Template_Type_Code ORDER BY Template_Type_Code",### NOTES | No quality-repairs required.,False,False,0.0,0.0,1.0,1.0,1.0,1.0,0.0,0.0,1.0,0.0,1.0,0.0,1.0,1.0,1.0
stage1_24,employee_hire_evaluation,filter_agg,baseline,4,SELECT Name FROM shop WHERE Number_products > (SELECT AVG(Number_products) FROM shop),"WITH avg_shop AS (SELECT AVG(Number_products) AS avg_num_products FROM shop), dedup_shop AS (SELECT *, ROW_NUMBER() OVER (PARTITION BY Shop_ID ORDER BY rowid DESC) AS rn FROM shop) SELECT Name FROM dedup_shop WHERE rn = 1 AND Number_products > (SELECT avg_num_products FROM avg_shop)",### NOTES | No quality-repairs required.,True,True,0.0,0.0,1.0,0.0,0.0,1.0,1.0,1.0,1.0,1.0,1.0,1.0,1.0,1.0,1.0
stage1_25,employee_hire_evaluation,filter_agg,baseline,6,SELECT s.Name FROM shop AS s LEFT JOIN hiring AS h ON s.Shop_ID = h.Shop_ID WHERE h.Employee_ID IS NULL,"WITH shop_dedup AS (SELECT *, ROW_NUMBER() OVER (PARTITION BY Shop_ID ORDER BY rowid DESC) AS rn FROM shop), hiring_dedup AS (SELECT *, ROW_NUMBER() OVER (PARTITION BY Shop_ID ORDER BY rowid DESC) AS rn FROM hiring) SELECT sd.Name FROM shop_dedup AS sd LEFT JOIN hiring_dedup AS hd ON sd.Shop_ID = hd.Shop_ID WHERE hd.Employee_ID IS NULL AND sd.rn = 1 AND hd.rn = 1",### NOTES | No quality-repairs required.,False,True,0.0,0.0,1.0,0.0,0.0,1.0,1.0,1.0,1.0,1.0,1.0,1.0,1.0,1.0,1.0
stage1_26,employee_hire_evaluation,filter_agg,baseline,5,SELECT SUM(Bonus) AS Total_Bonus FROM evaluation,"WITH base AS (SELECT * FROM evaluation), dedup AS (SELECT *, ROW_NUMBER() OVER (PARTITION BY Employee_ID, Year_awarded ORDER BY rowid DESC) AS rn FROM base) SELECT SUM(Bonus) AS Total_Bonus FROM dedup WHERE rn = 1",### NOTES | No quality-repairs required.,False,False,0.0,0.0,1.0,1.0,1.0,1.0,1.0,1.0,1.0,1.0,1.0,1.0,1.0,1.0,1.0
stage1_27,car_1,filter_agg,baseline,5,SELECT COUNT(Id) AS CarCount FROM cars_data WHERE CAST(Horsepower AS REAL) > 150,WITH cleaned_cars_data AS (SELECT DISTINCT Id FROM cars_data) SELECT COUNT(Id) AS CarCount FROM cleaned_cars_data WHERE CAST(Horsepower AS REAL) > 150,### NOTES | No quality-repairs required.,False,False,0.0,0.0,1.0,0.0,0.0,1.0,1.0,1.0,1.0,1.0,1.0,1.0,1.0,1.0,1.0
stage1_28,concert_singer,filter_agg,baseline,6,"SELECT AVG(Age) AS avg_age, MIN(Age) AS min_age, MAX(Age) AS max_age FROM singer WHERE Country = 'France'","WITH dedup AS (SELECT *, ROW_NUMBER() OVER (PARTITION BY Country ORDER BY rowid DESC) AS rn FROM singer), filtered AS (SELECT * FROM dedup WHERE rn = 1 AND Country = 'France') SELECT AVG(Age) AS avg_age, MIN(Age) AS min_age, MAX(Age) AS max_age FROM filtered",### NOTES | No quality-repairs required.,False,False,0.0,0.0,1.0,0.0,0.0,1.0,1.0,1.0,1.0,1.0,1.0,1.0,1.0,1.0,1.0
stage1_29,cre_Doc_Template_Mgt,filter_agg,baseline,6,"SELECT Template_ID, Version_Number, Template_Type_Code FROM Templates","WITH base AS (SELECT * FROM Templates), dedup AS (SELECT *, ROW_NUMBER() OVER (PARTITION BY Template_ID ORDER BY rowid DESC) AS rn FROM base) SELECT Template_ID, Version_Number, Template_Type_Code FROM dedup WHERE rn = 1",### NOTES | No quality-repairs required.,True,True,0.0,0.0,1.0,1.0,1.0,1.0,1.0,1.0,1.0,1.0,1.0,1.0,1.0,1.0,1.0
stage1_30,cre_Doc_Template_Mgt,filter_agg,baseline,3,"SELECT Document_Name, Template_ID FROM Documents WHERE Document_Description LIKE '%w%'","WITH base AS (SELECT * FROM Documents WHERE Document_Description LIKE '%w%'), dedup AS (SELECT *, ROW_NUMBER() OVER (PARTITION BY Document_ID ORDER BY rowid DESC) AS rn FROM base) SELECT Document_Name, Template_ID FROM dedup WHERE rn = 1",### NOTES | No quality-repairs required.,False,True,0.0,0.0,1.0,0.0,0.0,1.0,1.0,1.0,1.0,1.0,1.0,1.0,1.0,1.0,1.0
stage1_31,concert_singer,filter_agg,baseline,6,"SELECT AVG(Age) AS avg_age, MIN(Age) AS min_age, MAX(Age) AS max_age FROM singer WHERE Country = 'France'","WITH capped AS (SELECT *, MIN(Age, 52.0) AS Age_capped FROM singer), dedup AS (SELECT *, ROW_NUMBER() OVER (PARTITION BY Country ORDER BY rowid DESC) AS rn FROM capped) SELECT AVG(Age_capped) AS avg_age, MIN(Age_capped) AS min_age, MAX(Age_capped) AS max_age FROM dedup WHERE rn = 1 AND Country = 'France'",### NOTES | No quality-repairs required.,False,False,0.0,0.0,1.0,0.0,0.0,1.0,1.0,1.0,1.0,1.0,1.0,1.0,1.0,1.0,1.0
stage1_32,dog_kennels,filter_agg,baseline,3,"SELECT DISTINCT email_address FROM Professionals WHERE state IN ('Hawaii', 'Wisconsin')","WITH filtered AS (SELECT DISTINCT email_address FROM Professionals WHERE state IN ('Hawaii', 'Wisconsin')), dedup AS (SELECT *, ROW_NUMBER() OVER (PARTITION BY email_address ORDER BY professional_id DESC) AS rn FROM filtered) SELECT email_address FROM dedup WHERE rn = 1",### NOTES | No quality-repairs required.,False,True,1.0,1.0,1.0,0.0,0.0,1.0,1.0,1.0,1.0,1.0,1.0,1.0,1.0,1.0,1.0
stage1_33,employee_hire_evaluation,filter_agg,baseline,6,"SELECT h.*, e.Name, s.Name AS Shop_Name, s.Location, s.District, s.Number_products, s.Manager_name FROM hiring AS h JOIN employee AS e ON h.Employee_ID = e.Employee_ID JOIN shop AS s ON h.Shop_ID = s.Shop_ID","WITH base_hiring AS (SELECT * FROM hiring), dedup_hiring AS (SELECT *, ROW_NUMBER() OVER (PARTITION BY Is_full_time ORDER BY rowid DESC) AS rn FROM base_hiring), cleaned_hiring AS (SELECT * FROM dedup_hiring WHERE rn = 1), capped_start_from AS (SELECT *, MIN(Start_from, 2013.0) AS Start_from_capped FROM cleaned_hiring), final_hiring AS (SELECT * FROM capped_start_from), base_employee AS (SELECT * FROM employee), base_shop AS (SELECT * FROM shop) SELECT fh.*, be.Name, bs.Name AS Shop_Name, bs.Location, bs.District, bs.Number_products, bs.Manager_name FROM final_hiring AS fh JOIN base_employee AS be ON fh.Employee_ID = be.Employee_ID JOIN base_shop AS bs ON fh.Shop_ID = bs.Shop_ID",### NOTES | No quality-repairs required.,False,False,0.0,0.0,1.0,1.0,1.0,1.0,1.0,1.0,1.0,1.0,1.0,1.0,1.0,1.0,1.0
stage1_34,dog_kennels,filter_agg,baseline,4,SELECT COUNT(*) FROM Owners AS o LEFT JOIN Dogs AS d ON o.owner_id = d.owner_id WHERE d.dog_id IS NULL,"WITH dedup_owners AS (SELECT *, ROW_NUMBER() OVER (PARTITION BY owner_id ORDER BY rowid DESC) AS rn FROM Owners), filtered_dogs AS (SELECT * FROM Dogs WHERE owner_id IN (SELECT owner_id FROM dedup_owners WHERE rn = 1)) SELECT COUNT(*) FROM dedup_owners AS o LEFT JOIN filtered_dogs AS d ON o.owner_id = d.owner_id WHERE d.dog_id IS NULL",### NOTES | No quality-repairs required.,False,True,1.0,1.0,1.0,0.0,0.0,1.0,1.0,1.0,1.0,1.0,1.0,1.0,1.0,1.0,1.0
stage1_35,dog_kennels,group_having,baseline,6,SELECT DISTINCT d.name FROM Dogs AS d JOIN Treatments AS t ON d.dog_id = t.dog_id JOIN Charges AS c ON t.treatment_id = c.treatment_id WHERE SUM(c.charge_amount) <= 1000,"WITH DedupedOwners AS (SELECT DISTINCT owner_id, first_name, last_name, street, city, state, zip_code, email_address, home_phone, cell_number FROM Owners), DedupedDogs AS (SELECT DISTINCT dog_id, owner_id, abandoned_yn, breed_code, size_code, name, age, date_of_birth, gender, weight, date_arrived, date_adopted, date_departed FROM Dogs), DedupedTreatments AS (SELECT DISTINCT treatment_id, dog_id, professional_id, treatment_type_code, date_of_treatment, cost_of_treatment FROM Treatments), DedupedCharges AS (SELECT DISTINCT charge_id, charge_type, charge_amount FROM Charges) SELECT DISTINCT dd.name FROM DedupedDogs AS dd JOIN DedupedTreatments AS dt ON dd.dog_id = dt.dog_id JOIN DedupedCharges AS dc ON dt.treatment_id = dc.treatment_id WHERE SUM(dc.charge_amount) <= 1000",### NOTES | No quality-repairs required.,False,False,0.0,0.0,1.0,0.0,0.0,1.0,1.0,1.0,1.0,1.0,1.0,1.0,1.0,1.0,1.0
stage1_36,employee_hire_evaluation,group_having,baseline,6,SELECT City FROM employee WHERE Age < 30 GROUP BY City HAVING COUNT(Employee_ID) > 1,"WITH dedup AS (SELECT *, ROW_NUMBER() OVER (PARTITION BY Employee_ID ORDER BY rowid DESC) AS rn FROM employee), filtered AS (SELECT * FROM dedup WHERE rn = 1 AND Age < 30) SELECT City FROM filtered GROUP BY City HAVING COUNT(Employee_ID) > 1",### NOTES | No quality-repairs required.,False,True,0.0,0.0,1.0,0.0,0.0,1.0,0.0,0.0,1.0,1.0,1.0,1.0,0.0,0.0,1.0
stage1_37,dog_kennels,group_having,baseline,6,"SELECT DISTINCT d.name FROM Dogs AS d JOIN Treatments AS t ON d.dog_id = t.dog_id GROUP BY d.dog_id, d.name HAVING SUM(t.cost_of_treatment) <= 1000","WITH DedupedTreatments AS (SELECT DISTINCT treatment_id, dog_id, professional_id, treatment_type_code, date_of_treatment, cost_of_treatment FROM Treatments), DedupedDogs AS (SELECT DISTINCT dog_id, owner_id, breed_code, size_code, name, age, date_of_birth, gender, weight, date_arrived, date_adopted, date_departed FROM Dogs) SELECT DISTINCT dd.name FROM DedupedDogs AS dd JOIN DedupedTreatments AS dt ON dd.dog_id = dt.dog_id GROUP BY dd.dog_id, dd.name HAVING SUM(dt.cost_of_treatment) <= 1000",### NOTES | No quality-repairs required.,False,False,0.0,0.0,1.0,1.0,0.0,0.0,0.0,1.0,0.0,1.0,1.0,1.0,0.0,1.0,0.0
stage1_38,cre_Doc_Template_Mgt,group_having,baseline,5,SELECT Template_ID FROM Documents GROUP BY Template_ID HAVING COUNT(*) > 1,"WITH dedup_docs AS (SELECT *, ROW_NUMBER() OVER (PARTITION BY Document_ID ORDER BY rowid DESC) AS rn FROM Documents) SELECT Template_ID FROM dedup_docs WHERE rn = 1 GROUP BY Template_ID HAVING COUNT(*) > 1",### NOTES | No quality-repairs required.,True,True,0.0,0.0,1.0,1.0,1.0,1.0,0.0,0.0,1.0,1.0,1.0,1.0,1.0,1.0,1.0
stage1_39,cre_Doc_Template_Mgt,group_having,baseline,5,SELECT Document_ID FROM Paragraphs GROUP BY Document_ID HAVING COUNT(*) >= 2,"WITH dedup_paragraphs AS (SELECT *, ROW_NUMBER() OVER (PARTITION BY Document_ID ORDER BY rowid DESC) AS rn FROM Paragraphs), filtered_paragraphs AS (SELECT Document_ID FROM dedup_paragraphs GROUP BY Document_ID HAVING COUNT(*) >= 2) SELECT * FROM filtered_paragraphs",### NOTES | No quality-repairs required.,True,True,0.0,0.0,1.0,1.0,1.0,1.0,0.0,0.0,1.0,1.0,1.0,1.0,1.0,1.0,1.0
stage1_40,cre_Doc_Template_Mgt,group_having,baseline,5,SELECT Document_ID FROM Paragraphs GROUP BY Document_ID HAVING COUNT(*) BETWEEN 1 AND 2,"WITH dedup_paragraphs AS (SELECT *, ROW_NUMBER() OVER (PARTITION BY Document_ID ORDER BY rowid DESC) AS rn FROM Paragraphs), filtered_paragraphs AS (SELECT Document_ID FROM dedup_paragraphs GROUP BY Document_ID HAVING COUNT(*) BETWEEN 1 AND 2) SELECT DISTINCT Document_ID FROM filtered_paragraphs",### NOTES | No quality-repairs required.,True,True,0.0,0.0,1.0,1.0,1.0,1.0,0.0,0.0,1.0,1.0,1.0,1.0,1.0,1.0,1.0
stage1_41,cre_Doc_Template_Mgt,group_having,baseline,5,SELECT Template_Type_Code FROM Templates GROUP BY Template_Type_Code HAVING COUNT(*) < 3,"WITH base AS (SELECT * FROM Templates), dedup AS (SELECT *, ROW_NUMBER() OVER (PARTITION BY Template_ID ORDER BY rowid DESC) AS rn FROM base) SELECT DISTINCT Template_Type_Code FROM dedup WHERE rn = 1 GROUP BY Template_Type_Code HAVING COUNT(*) < 3",### NOTES | No quality-repairs required.,True,True,0.0,0.0,1.0,1.0,1.0,1.0,0.0,0.0,1.0,1.0,1.0,1.0,1.0,1.0,1.0
stage1_42,cre_Doc_Template_Mgt,group_having,baseline,5,SELECT Document_ID FROM Paragraphs GROUP BY Document_ID HAVING COUNT(*) BETWEEN 1 AND 2,"WITH dedup_paragraphs AS (SELECT *, ROW_NUMBER() OVER (PARTITION BY Document_ID ORDER BY rowid DESC) AS rn FROM Paragraphs), filtered_paragraphs AS (SELECT Document_ID FROM dedup_paragraphs GROUP BY Document_ID HAVING COUNT(*) BETWEEN 1 AND 2) SELECT Document_ID FROM filtered_paragraphs",### NOTES | No quality-repairs required.,True,True,0.0,0.0,1.0,1.0,1.0,1.0,0.0,0.0,1.0,1.0,1.0,1.0,1.0,1.0,1.0
stage1_43,cre_Doc_Template_Mgt,group_having,baseline,5,SELECT Template_ID FROM Documents GROUP BY Template_ID HAVING COUNT(*) > 1,"WITH dedup AS (SELECT *, ROW_NUMBER() OVER (PARTITION BY Document_ID ORDER BY rowid DESC) AS rn FROM Documents) SELECT Template_ID FROM dedup WHERE rn = 1 GROUP BY Template_ID HAVING COUNT(*) > 1",### NOTES | No quality-repairs required.,True,True,0.0,0.0,1.0,1.0,1.0,1.0,0.0,0.0,1.0,1.0,1.0,1.0,1.0,1.0,1.0
stage1_44,employee_hire_evaluation,group_having,baseline,6,SELECT City FROM employee WHERE Age < 30 GROUP BY City HAVING COUNT(Employee_ID) > 1,"WITH filtered AS (SELECT City FROM employee WHERE Age < 30), deduplicated AS (SELECT DISTINCT City FROM filtered) SELECT City FROM deduplicated GROUP BY City HAVING COUNT(City) > 1",### NOTES | No quality-repairs required.,False,True,0.0,0.0,1.0,0.0,0.0,1.0,0.0,0.0,1.0,1.0,1.0,1.0,0.0,0.0,1.0
stage1_45,cre_Doc_Template_Mgt,group_having,baseline,5,SELECT Template_Type_Code FROM Templates GROUP BY Template_Type_Code HAVING COUNT(*) < 3,"WITH dedup AS (SELECT *, ROW_NUMBER() OVER (PARTITION BY Template_ID ORDER BY rowid DESC) AS rn FROM Templates), filtered AS (SELECT Template_Type_Code FROM dedup GROUP BY Template_Type_Code HAVING COUNT(*) < 3) SELECT * FROM filtered",### NOTES | No quality-repairs required.,True,True,0.0,0.0,1.0,1.0,1.0,1.0,0.0,0.0,1.0,1.0,1.0,1.0,1.0,1.0,1.0
stage1_46,cre_Doc_Template_Mgt,group_having,baseline,5,SELECT Document_ID FROM Paragraphs GROUP BY Document_ID HAVING COUNT(*) >= 2,"WITH dedup_paragraphs AS (SELECT *, ROW_NUMBER() OVER (PARTITION BY Document_ID ORDER BY rowid DESC) AS rn FROM Paragraphs), filtered_paragraphs AS (SELECT * FROM dedup_paragraphs WHERE rn = 1) SELECT Document_ID FROM filtered_paragraphs GROUP BY Document_ID HAVING COUNT(*) >= 2",### NOTES | No quality-repairs required.,True,True,0.0,0.0,1.0,1.0,1.0,1.0,0.0,0.0,1.0,1.0,1.0,1.0,1.0,1.0,1.0
stage1_47,orchestra,join_1hop,baseline,6,SELECT c.Name FROM conductor AS c JOIN orchestra AS o ON c.Conductor_ID = o.Conductor_ID GROUP BY c.Name ORDER BY COUNT(DISTINCT o.Orchestra_ID) DESC LIMIT 1,"WITH conductor_orchestras AS (SELECT c.Name, COUNT(DISTINCT o.Orchestra_ID) AS orchestra_count FROM conductor AS c JOIN orchestra AS o ON c.Conductor_ID = o.Conductor_ID GROUP BY c.Name), top_conductor AS (SELECT Name, MAX(orchestra_count) AS max_orchestra_count FROM conductor_orchestras) SELECT co.Name FROM conductor_orchestras AS co JOIN top_conductor AS tc ON co.orchestra_count = tc.max_orchestra_count",### NOTES | No quality-repairs required.,False,False,0.0,0.0,1.0,1.0,1.0,1.0,0.0,0.0,1.0,0.0,0.0,1.0,1.0,1.0,1.0
stage1_48,car_1,join_1hop,baseline,3,SELECT COUNT(DISTINCT Maker) AS NumberOfMakersInFrance FROM car_makers WHERE Country = 'France',"WITH filtered_makers AS (SELECT DISTINCT Id, Maker, Country FROM car_makers WHERE Country = 'France') SELECT COUNT(DISTINCT Maker) AS NumberOfMakersInFrance FROM filtered_makers",### NOTES | No quality-repairs required.,False,False,0.0,0.0,1.0,0.0,0.0,1.0,1.0,1.0,1.0,1.0,1.0,1.0,1.0,1.0,1.0
stage1_49,cre_Doc_Template_Mgt,join_1hop,baseline,6,"SELECT T.Template_Type_Code, COUNT(D.Document_ID) AS Document_Count FROM Documents AS D JOIN Templates AS T ON D.Template_ID = T.Template_ID GROUP BY T.Template_Type_Code ORDER BY Document_Count DESC LIMIT 1","WITH DocumentCounts AS (SELECT T.Template_Type_Code, COUNT(D.Document_ID) AS Document_Count FROM Documents AS D JOIN Templates AS T ON D.Template_ID = T.Template_ID GROUP BY T.Template_Type_Code), RankedCounts AS (SELECT Template_Type_Code, Document_Count, ROW_NUMBER() OVER (ORDER BY Document_Count DESC) AS rn FROM DocumentCounts) SELECT Template_Type_Code, Document_Count FROM RankedCounts WHERE rn = 1",### NOTES | No quality-repairs required.,False,False,0.0,0.0,1.0,1.0,1.0,1.0,0.0,0.0,1.0,0.0,0.0,1.0,1.0,1.0,1.0
stage1_50,car_1,join_1hop,baseline,5,"SELECT MAX(T1.Horsepower), T2.Model FROM cars_data AS T1 JOIN model_list AS T2 ON T1.Maker = T2.Id WHERE T1.Cylinders = 3","WITH filtered_cars AS (SELECT DISTINCT T1.ModelId, T1.Horsepower, T2.Model FROM cars_data AS T1 JOIN model_list AS T2 ON T1.Maker = T2.Id WHERE T1.Cylinders = 3) SELECT MAX(Horsepower), Model FROM filtered_cars",### NOTES | No quality-repairs required.,False,False,0.0,0.0,1.0,0.0,0.0,1.0,1.0,1.0,1.0,1.0,0.0,0.0,1.0,1.0,1.0
stage1_51,dog_kennels,join_1hop,baseline,6,"SELECT o.owner_id, o.first_name, o.last_name, COUNT(d.dog_id) AS dog_count FROM Dogs AS d JOIN Owners AS o ON d.owner_id = o.owner_id GROUP BY o.owner_id, o.first_name, o.last_name ORDER BY dog_count DESC LIMIT 1","WITH DedupOwners AS (SELECT DISTINCT owner_id, first_name, last_name FROM Owners), DogCounts AS (SELECT d.owner_id, o.first_name, o.last_name, COUNT(d.dog_id) AS dog_count FROM Dogs AS d JOIN DedupOwners AS o ON d.owner_id = o.owner_id GROUP BY d.owner_id, o.first_name, o.last_name) SELECT owner_id, first_name, last_name, dog_count FROM DogCounts ORDER BY dog_count DESC LIMIT 1",### NOTES | No quality-repairs required.,False,False,0.0,0.0,1.0,1.0,1.0,1.0,0.0,0.0,1.0,0.0,0.0,1.0,1.0,1.0,1.0
stage1_52,dog_kennels,join_1hop,baseline,6,"SELECT DISTINCT o.first_name, d.name FROM Owners AS o JOIN Dogs AS d ON o.owner_id = d.owner_id WHERE o.state = 'VA' ORDER BY o.first_name","WITH DistinctOwners AS (SELECT DISTINCT owner_id, first_name, last_name, street, city, state, zip_code, email_address, home_phone, cell_number FROM Owners) SELECT DISTINCT o.first_name, d.name FROM DistinctOwners AS o JOIN Dogs AS d ON o.owner_id = d.owner_id WHERE o.state = 'VA' ORDER BY o.first_name",### NOTES | No quality-repairs required.,False,False,0.0,0.0,1.0,0.0,0.0,1.0,1.0,1.0,1.0,0.0,1.0,0.0,1.0,1.0,1.0
stage1_53,employee_hire_evaluation,join_1hop,baseline,6,"SELECT s.Name AS Shop_Name, COUNT(h.Employee_ID) AS Employee_Count FROM hiring AS h JOIN shop AS s ON h.Shop_ID = s.Shop_ID GROUP BY s.Name","WITH shop_cte AS (SELECT DISTINCT Shop_ID, Name FROM shop) SELECT sc.Name AS Shop_Name, COUNT(h.Employee_ID) AS Employee_Count FROM hiring AS h JOIN shop_cte AS sc ON h.Shop_ID = sc.Shop_ID GROUP BY sc.Name",### NOTES | No quality-repairs required.,False,False,0.0,0.0,1.0,1.0,1.0,1.0,0.0,0.0,1.0,1.0,1.0,1.0,1.0,1.0,1.0
stage1_54,student_transcripts_tracking,join_1hop,baseline,6,"SELECT t.transcript_date, t.transcript_id FROM Transcripts AS t JOIN Transcript_Contents AS tc ON t.transcript_id = tc.transcript_id GROUP BY t.transcript_id, t.transcript_date HAVING COUNT(tc.student_course_id) >= 2","WITH DedupedTranscripts AS (SELECT DISTINCT transcript_id, transcript_date FROM Transcripts), DedupedTranscriptContents AS (SELECT DISTINCT student_course_id, transcript_id FROM Transcript_Contents) SELECT dt.transcript_date, dt.transcript_id FROM DedupedTranscripts AS dt JOIN DedupedTranscriptContents AS dct ON dt.transcript_id = dct.transcript_id GROUP BY dt.transcript_id, dt.transcript_date HAVING COUNT(dct.student_course_id) >= 2",### NOTES | No quality-repairs required.,False,True,0.0,0.0,1.0,1.0,1.0,1.0,0.0,0.0,1.0,1.0,1.0,1.0,0.0,0.0,1.0
stage1_55,car_1,join_1hop,baseline,3,SELECT COUNT(*) FROM model_list WHERE Maker = (SELECT Id FROM car_makers WHERE FullName = 'American Motor Company'),"WITH maker_id AS (SELECT Id FROM car_makers WHERE FullName = 'American Motor Company'), filtered_models AS (SELECT DISTINCT ModelId FROM model_list WHERE Maker IN (SELECT Id FROM maker_id)) SELECT COUNT(*) FROM filtered_models",### NOTES | No quality-repairs required.,False,True,1.0,1.0,1.0,0.0,0.0,1.0,1.0,1.0,1.0,1.0,1.0,1.0,1.0,1.0,1.0
stage1_56,dog_kennels,join_1hop,baseline,6,"SELECT professional_id, role_code, email_address FROM Professionals EXCEPT SELECT T1.professional_id, T1.role_code, T1.email_address FROM Professionals AS T1 JOIN Treatments AS T2 ON T1.professional_id = T2.professional_id","WITH dedup_professionals AS (SELECT *, ROW_NUMBER() OVER (PARTITION BY professional_id ORDER BY rowid DESC) AS rn FROM Professionals), professionals_with_treatments AS (SELECT T1.professional_id, T1.role_code, T1.email_address FROM dedup_professionals AS T1 JOIN Treatments AS T2 ON T1.professional_id = T2.professional_id) SELECT professional_id, role_code, email_address FROM dedup_professionals WHERE rn = 1 AND NOT professional_id IN (SELECT professional_id FROM professionals_with_treatments)",### NOTES | No quality-repairs required.,True,True,1.0,1.0,1.0,1.0,1.0,1.0,1.0,1.0,1.0,1.0,1.0,1.0,1.0,1.0,1.0
stage1_57,cre_Doc_Template_Mgt,join_1hop,baseline,5,SELECT ttt.Template_Type_Code FROM Ref_Template_Types AS ttt LEFT JOIN Templates AS t ON ttt.Template_Type_Code = t.Template_Type_Code WHERE t.Template_ID IS NULL,"WITH ref_dedup AS (SELECT DISTINCT Template_Type_Code FROM Ref_Template_Types), templates_dedup AS (SELECT DISTINCT Template_Type_Code FROM Templates) SELECT rdt.Template_Type_Code FROM ref_dedup AS rdt LEFT JOIN templates_dedup AS td ON rdt.Template_Type_Code = td.Template_Type_Code WHERE td.Template_Type_Code IS NULL",### NOTES | No quality-repairs required.,False,False,0.0,1.0,0.0,0.0,1.0,0.0,1.0,1.0,1.0,1.0,1.0,1.0,1.0,1.0,1.0
stage1_58,car_1,join_1hop,baseline,5,"SELECT T1.FullName, T1.Id FROM car_makers AS T1 JOIN model_list AS T2 ON T1.Id = T2.Maker GROUP BY T1.Id HAVING COUNT(T2.ModelId) > 3","WITH maker_models AS (SELECT T1.Id, T1.FullName, COUNT(T2.ModelId) AS ModelCount FROM car_makers AS T1 JOIN model_list AS T2 ON T1.Id = T2.Maker GROUP BY T1.Id, T1.FullName), filtered_makers AS (SELECT Id, FullName FROM maker_models WHERE ModelCount > 3) SELECT DISTINCT Id, FullName FROM filtered_makers",### NOTES | No quality-repairs required.,False,True,1.0,1.0,1.0,1.0,1.0,1.0,1.0,1.0,1.0,1.0,1.0,1.0,0.0,0.0,1.0
stage1_59,car_1,join_1hop,baseline,6,SELECT T2.Model FROM cars_data AS T1 JOIN model_list AS T2 ON T1.Maker = T2.Maker WHERE T1.Cylinders = 4 GROUP BY T2.Model ORDER BY SUM(T1.Horsepower) DESC LIMIT 1,"WITH cleaned_cars_data AS (SELECT DISTINCT Id, MPG, Cylinders, Edispl, Horsepower, Weight, Accelerate, Year FROM cars_data), cleaned_model_list AS (SELECT DISTINCT ModelId, Maker, Model FROM model_list) SELECT T2.Model FROM cleaned_cars_data AS T1 JOIN cleaned_model_list AS T2 ON T1.Maker = T2.Maker WHERE T1.Cylinders = 4 GROUP BY T2.Model ORDER BY SUM(CAST(REPLACE(T1.Horsepower, ',', '') AS REAL)) DESC LIMIT 1",### NOTES | No quality-repairs required.,False,False,0.0,0.0,1.0,0.0,0.0,1.0,0.0,1.0,0.0,0.0,0.0,1.0,1.0,1.0,1.0
stage1_60,car_1,join_1hop,baseline,4,"SELECT T2.Model FROM model_list AS T1 JOIN car_names AS T2 ON T1.ModelId = T2.MakeId ORDER BY CAST(REPLACE(T1.Horsepower, ',', '') AS REAL) ASC LIMIT 1","WITH cleaned_horsepower AS (SELECT ModelId, REPLACE(Horsepower, ',', '') AS Horsepower FROM model_list), filtered_models AS (SELECT ModelId, Model FROM car_names) SELECT T2.Model FROM cleaned_horsepower AS T1 JOIN filtered_models AS T2 ON T1.ModelId = T2.MakeId WHERE NOT T1.Horsepower IS NULL AND T1.Horsepower <> '' ORDER BY CAST(T1.Horsepower AS REAL) ASC LIMIT 1",### NOTES | No quality-repairs required.,False,False,0.0,0.0,1.0,1.0,1.0,1.0,1.0,1.0,1.0,0.0,0.0,1.0,1.0,1.0,1.0
stage1_61,car_1,join_1hop,baseline,5,"SELECT T1.FullName, T1.Id, COUNT(DISTINCT T2.Model) AS ModelCount FROM car_makers AS T1 JOIN model_list AS T2 ON T1.Id = T2.Maker GROUP BY T1.FullName, T1.Id","WITH DedupedCarMakers AS (SELECT DISTINCT Id, Maker, FullName, Country FROM car_makers), DedupedModelList AS (SELECT DISTINCT Maker, Model FROM model_list) SELECT T1.FullName, T1.Id, COUNT(DISTINCT T2.Model) AS ModelCount FROM DedupedCarMakers AS T1 JOIN DedupedModelList AS T2 ON T1.Id = T2.Maker GROUP BY T1.FullName, T1.Id",### NOTES | No quality-repairs required.,False,False,0.6666666666666666,0.6666666666666666,0.6666666666666666,1.0,1.0,1.0,0.5,1.0,0.6666666666666666,1.0,1.0,1.0,1.0,1.0,1.0
stage1_62,dog_kennels,join_1hop,baseline,6,"SELECT o.first_name, d.name AS dog_name FROM Owners AS o JOIN Dogs AS d ON o.owner_id = d.owner_id","WITH UniqueOwners AS (SELECT DISTINCT owner_id FROM Owners), OwnerDogs AS (SELECT o.owner_id, o.first_name, d.name AS dog_name FROM Owners AS o JOIN Dogs AS d ON o.owner_id = d.owner_id) SELECT first_name, dog_name FROM OwnerDogs ORDER BY owner_id",### NOTES | No quality-repairs required.,False,False,0.0,0.0,1.0,1.0,1.0,1.0,1.0,1.0,1.0,1.0,1.0,1.0,1.0,1.0,1.0
stage1_63,student_transcripts_tracking,join_1hop,baseline,4,SELECT COUNT(DISTINCT dp.degree_program_id) AS degree_count FROM Departments AS d JOIN Degree_Programs AS dp ON d.department_id = dp.department_id WHERE d.department_name = 'Engineering',WITH Deduplicated_Departments AS (SELECT DISTINCT department_id FROM Departments) SELECT COUNT(DISTINCT dp.degree_program_id) AS degree_count FROM Deduplicated_Departments AS dd JOIN Degree_Programs AS dp ON dd.department_id = dp.department_id WHERE dd.department_name = 'Engineering',### NOTES | No quality-repairs required.,False,False,0.0,0.0,1.0,0.0,0.0,1.0,1.0,1.0,1.0,1.0,1.0,1.0,1.0,1.0,1.0
stage1_64,student_transcripts_tracking,join_1hop,baseline,6,"SELECT s.student_id, s.first_name, s.middle_name, s.last_name, COUNT(se.student_enrolment_id) AS num_enrollments FROM Students AS s JOIN Student_Enrolment AS se ON s.student_id = se.student_id GROUP BY s.student_id, s.first_name, s.middle_name, s.last_name ORDER BY num_enrollments DESC LIMIT 1","WITH StudentEnrolmentCounts AS (SELECT s.student_id, s.first_name, s.middle_name, s.last_name, COUNT(se.student_enrolment_id) AS num_enrollments FROM Students AS s JOIN Student_Enrolment AS se ON s.student_id = se.student_id GROUP BY s.student_id, s.first_name, s.middle_name, s.last_name), TopStudent AS (SELECT student_id, first_name, middle_name, last_name, num_enrollments FROM StudentEnrolmentCounts ORDER BY num_enrollments DESC LIMIT 1) SELECT * FROM TopStudent",### NOTES | No quality-repairs required.,False,False,0.0,0.0,1.0,1.0,1.0,1.0,0.0,0.0,1.0,0.0,0.0,1.0,1.0,1.0,1.0
stage1_65,cre_Doc_Template_Mgt,join_1hop,baseline,5,"SELECT d.Document_ID, d.Document_Name, COUNT(p.Paragraph_ID) AS Number_of_Paragraphs FROM Documents AS d JOIN Paragraphs AS p ON d.Document_ID = p.Document_ID GROUP BY d.Document_ID, d.Document_Name","WITH Unique_Documents AS (SELECT DISTINCT Document_ID, Document_Name FROM Documents), Document_Paragraph_Count AS (SELECT d.Document_ID, d.Document_Name, COUNT(p.Paragraph_ID) AS Number_of_Paragraphs FROM Unique_Documents AS d JOIN Paragraphs AS p ON d.Document_ID = p.Document_ID GROUP BY d.Document_ID, d.Document_Name) SELECT * FROM Document_Paragraph_Count",### NOTES | No quality-repairs required.,False,False,0.0,0.0,1.0,1.0,1.0,1.0,0.0,0.0,1.0,1.0,1.0,1.0,1.0,1.0,1.0
stage1_66,dog_kennels,join_1hop,baseline,5,"SELECT DISTINCT p.professional_id, p.last_name, p.cell_number FROM Professionals AS p JOIN (SELECT professional_id FROM Treatments GROUP BY professional_id HAVING COUNT(*) > 2) AS t ON p.professional_id = t.professional_id WHERE p.state = 'Indiana'","WITH dedup_professionals AS (SELECT *, ROW_NUMBER() OVER (PARTITION BY state ORDER BY rowid DESC) AS rn FROM Professionals), filtered_professionals AS (SELECT * FROM dedup_professionals WHERE rn = 1 AND state = 'Indiana'), treatment_counts AS (SELECT professional_id FROM Treatments GROUP BY professional_id HAVING COUNT(*) > 2) SELECT DISTINCT p.professional_id, p.last_name, p.cell_number FROM filtered_professionals AS p JOIN treatment_counts AS t ON p.professional_id = t.professional_id",### NOTES | No quality-repairs required.,False,False,0.0,1.0,0.0,0.0,1.0,0.0,1.0,1.0,1.0,1.0,1.0,1.0,1.0,1.0,1.0
stage1_67,cre_Doc_Template_Mgt,join_1hop,baseline,4,SELECT DISTINCT d.Document_Name FROM Templates AS t JOIN Documents AS d ON t.Template_ID = d.Template_ID WHERE t.Template_Type_Code = 'BK',"WITH FilteredTemplates AS (SELECT Template_ID FROM Templates WHERE Template_Type_Code = 'BK'), FilteredDocuments AS (SELECT DISTINCT Document_ID, Document_Name FROM Documents JOIN FilteredTemplates AS ft ON Documents.Template_ID = ft.Template_ID) SELECT Document_Name FROM FilteredDocuments",### NOTES | No quality-repairs required.,False,True,0.0,0.0,1.0,0.0,0.0,1.0,1.0,1.0,1.0,1.0,1.0,1.0,1.0,1.0,1.0
stage1_68,orchestra,join_1hop,baseline,4,"SELECT c.Name, o.Orchestra FROM conductor AS c JOIN orchestra AS o ON c.Conductor_ID = o.Conductor_ID","WITH conductor_dedup AS (SELECT DISTINCT Conductor_ID, Name FROM conductor), orchestra_dedup AS (SELECT DISTINCT Orchestra_ID, Orchestra FROM orchestra) SELECT cd.Name, od.Orchestra FROM conductor_dedup AS cd JOIN orchestra_dedup AS od ON cd.Conductor_ID = od.Conductor_ID",### NOTES | No quality-repairs required.,False,True,0.0,0.0,1.0,1.0,1.0,1.0,1.0,1.0,1.0,1.0,1.0,1.0,1.0,1.0,1.0
stage1_69,car_1,join_1hop,baseline,5,"SELECT MAX(T1.Horsepower), T2.Make FROM cars_data AS T1 JOIN car_names AS T2 ON T1.MakeId = T2.MakeId WHERE T1.Cylinders = 3","WITH filtered_cars AS (SELECT DISTINCT T1.Id, T1.Horsepower, T2.Make FROM cars_data AS T1 JOIN car_names AS T2 ON T1.MakeId = T2.MakeId WHERE T1.Cylinders = 3) SELECT MAX(Horsepower), Make FROM filtered_cars",### NOTES | No quality-repairs required.,False,False,0.0,0.0,1.0,0.0,0.0,1.0,1.0,1.0,1.0,1.0,0.0,0.0,1.0,1.0,1.0
stage1_70,employee_hire_evaluation,join_1hop,baseline,3,"SELECT s.Name FROM shop AS s JOIN (SELECT Shop_ID, COUNT(Employee_ID) AS hire_count FROM hiring GROUP BY Shop_ID ORDER BY hire_count DESC LIMIT 1) AS h ON s.Shop_ID = h.Shop_ID","WITH HiringCounts AS (SELECT Shop_ID, COUNT(Employee_ID) AS hire_count FROM hiring GROUP BY Shop_ID), MaxHireCount AS (SELECT MAX(hire_count) AS max_hire_count FROM HiringCounts) SELECT s.Name FROM shop AS s JOIN HiringCounts AS hc ON s.Shop_ID = hc.Shop_ID JOIN MaxHireCount AS mhc ON hc.hire_count = mhc.max_hire_count",### NOTES | No quality-repairs required.,False,True,0.0,0.0,1.0,1.0,1.0,1.0,1.0,0.0,0.0,1.0,0.0,0.0,1.0,1.0,1.0
stage1_71,car_1,join_1hop,baseline,6,SELECT T3.Cylinders FROM model_list AS T1 JOIN car_names AS T2 ON T1.ModelId = T2.ModelId JOIN cars_data AS T3 ON T2.MakeId = T3.MakeId WHERE T2.Make = 'volvo' ORDER BY T3.Accelerate ASC LIMIT 1,"WITH filtered_cars AS (SELECT DISTINCT T3.Id, T3.Cylinders FROM model_list AS T1 JOIN car_names AS T2 ON T1.ModelId = T2.ModelId JOIN cars_data AS T3 ON T2.MakeId = T3.MakeId WHERE T2.Make = 'volvo') SELECT Cylinders FROM filtered_cars ORDER BY Accelerate ASC LIMIT 1",### NOTES | No quality-repairs required.,False,False,0.0,0.0,1.0,0.0,0.0,1.0,1.0,1.0,1.0,0.0,0.0,1.0,1.0,1.0,1.0
stage1_72,car_1,join_2hop,baseline,6,"SELECT DISTINCT c.CountryId, c.CountryName FROM countries AS c JOIN car_makers AS cm ON c.Continent = cm.Country WHERE (SELECT COUNT(*) FROM car_makers WHERE Country = c.Country) > 3 UNION SELECT DISTINCT c.CountryId, c.CountryName FROM countries AS c JOIN model_list AS ml ON c.Country = ml.Maker WHERE ml.Model = 'Fiat'","WITH maker_counts AS (SELECT Country, COUNT(Id) AS MakerCount FROM car_makers GROUP BY Country), fiat_producing_countries AS (SELECT Country FROM model_list WHERE Model = 'Fiat') SELECT DISTINCT c.CountryId, c.CountryName FROM countries AS c WHERE c.Country IN (SELECT Country FROM maker_counts WHERE MakerCount > 3) UNION SELECT DISTINCT c.CountryId, c.CountryName FROM countries AS c WHERE c.Country IN (SELECT Country FROM fiat_producing_countries)",### NOTES | No quality-repairs required.,False,False,1.0,1.0,1.0,1.0,1.0,1.0,1.0,1.0,1.0,1.0,1.0,1.0,1.0,1.0,1.0
stage1_73,dog_kennels,join_2hop,baseline,6,"SELECT o.owner_id, o.zip_code, SUM(c.charge_amount) AS total_spent FROM Charges AS c JOIN Treatments AS t ON c.charge_id = t.charge_id JOIN Dogs AS d ON t.dog_id = d.dog_id JOIN Owners AS o ON d.owner_id = o.owner_id GROUP BY o.owner_id, o.zip_code ORDER BY total_spent DESC LIMIT 1","WITH ChargeTotals AS (SELECT charge_id, SUM(charge_amount) AS total_charge FROM Charges GROUP BY charge_id), TreatedDogs AS (SELECT t.dog_id, t.treatment_type_code, t.date_of_treatment, t.cost_of_treatment FROM Treatments AS t JOIN ChargeTotals AS ct ON t.charge_id = ct.charge_id), OwnerSpending AS (SELECT o.owner_id, o.zip_code, SUM(ct.total_charge) AS total_spent FROM Owners AS o JOIN Dogs AS d ON o.owner_id = d.owner_id JOIN TreatedDogs AS td ON d.dog_id = td.dog_id JOIN ChargeTotals AS ct ON td.charge_id = ct.charge_id GROUP BY o.owner_id, o.zip_code) SELECT os.owner_id, os.zip_code, os.total_spent FROM OwnerSpending AS os ORDER BY os.total_spent DESC LIMIT 1",### NOTES | No quality-repairs required.,False,False,0.0,0.0,1.0,1.0,1.0,1.0,0.0,0.0,1.0,0.0,0.0,1.0,1.0,1.0,1.0
stage1_74,car_1,join_2hop,baseline,6,"SELECT c.Continent, COUNT(DISTINCT cm.Id) AS CarMakerCount FROM continents AS c JOIN countries AS co ON c.ContId = co.Continent JOIN car_makers AS cm ON co.Country = cm.Country GROUP BY c.Continent","WITH country_dedup AS (SELECT DISTINCT CountryId, CountryName, Continent FROM countries) SELECT cd.Continent, COUNT(DISTINCT cm.Id) AS CarMakerCount FROM continents AS c JOIN country_dedup AS cd ON c.ContId = cd.Continent JOIN car_makers AS cm ON cd.Country = cm.Country GROUP BY cd.Continent",### NOTES | No quality-repairs required.,False,False,0.0,0.0,1.0,1.0,1.0,1.0,0.0,0.0,1.0,1.0,1.0,1.0,1.0,1.0,1.0
stage1_75,concert_singer,join_2hop,baseline,4,SELECT DISTINCT s.Name FROM concert AS c JOIN singer_in_concert AS sic ON c.concert_ID = sic.concert_ID JOIN singer AS s ON sic.Singer_ID = s.Singer_ID WHERE c.Year = '2014',"WITH concert_filtered AS (SELECT * FROM concert WHERE Year = '2014'), singer_in_concert_joined AS (SELECT * FROM concert_filtered AS cf JOIN singer_in_concert AS sic ON cf.concert_ID = sic.concert_ID), singer_details AS (SELECT DISTINCT s.Name FROM singer_in_concert_joined AS sicj JOIN singer AS s ON sicj.Singer_ID = s.Singer_ID) SELECT * FROM singer_details",### NOTES | No quality-repairs required.,False,False,0.0,0.0,1.0,0.0,0.0,1.0,1.0,1.0,1.0,1.0,1.0,1.0,1.0,1.0,1.0
stage1_76,concert_singer,join_2hop,baseline,5,"SELECT DISTINCT s.Name, s.Location FROM concert AS c JOIN stadium AS s ON c.Stadium_ID = s.Stadium_ID WHERE c.Year IN ('2014', '2015') AND EXISTS(SELECT 1 FROM concert AS c2 WHERE c2.Stadium_ID = s.Stadium_ID AND c2.Year = '2014') AND EXISTS(SELECT 1 FROM concert AS c3 WHERE c3.Stadium_ID = s.Stadium_ID AND c3.Year = '2015')","WITH concert_2014 AS (SELECT Stadium_ID FROM concert WHERE Year = '2014'), concert_2015 AS (SELECT Stadium_ID FROM concert WHERE Year = '2015') SELECT DISTINCT s.Name, s.Location FROM stadium AS s JOIN concert_2014 AS c2014 ON s.Stadium_ID = c2014.Stadium_ID JOIN concert_2015 AS c2015 ON s.Stadium_ID = c2015.Stadium_ID",### NOTES | No quality-repairs required.,False,True,0.0,1.0,0.0,0.0,1.0,0.0,1.0,1.0,1.0,1.0,1.0,1.0,1.0,1.0,1.0
stage1_77,car_1,join_2hop,baseline,4,SELECT COUNT(DISTINCT T2.ModelId) AS ModelCount FROM car_makers AS T1 JOIN model_list AS T2 ON T1.Id = T2.Maker WHERE T1.Country = 'United States',WITH us_makers AS (SELECT DISTINCT Id FROM car_makers WHERE Country = 'United States') SELECT COUNT(DISTINCT T2.ModelId) AS ModelCount FROM us_makers AS T1 JOIN model_list AS T2 ON T1.Id = T2.Maker,### NOTES | No quality-repairs required.,False,False,0.0,0.0,1.0,0.0,0.0,1.0,1.0,1.0,1.0,1.0,1.0,1.0,1.0,1.0,1.0
stage1_78,dog_kennels,join_2hop,baseline,6,"SELECT o.owner_id, o.last_name, SUM(c.charge_amount) AS total_spent FROM Charges AS c JOIN Treatments AS t ON c.charge_id = t.charge_id JOIN Owners AS o ON t.dog_id IN (SELECT dog_id FROM Dogs WHERE owner_id = o.owner_id) GROUP BY o.owner_id, o.last_name ORDER BY total_spent DESC LIMIT 1","WITH TotalSpent AS (SELECT o.owner_id, o.last_name, SUM(c.charge_amount) AS total_spent FROM Charges AS c JOIN Treatments AS t ON c.charge_id = t.charge_id JOIN Owners AS o ON t.dog_id IN (SELECT dog_id FROM Dogs WHERE owner_id = o.owner_id) GROUP BY o.owner_id, o.last_name), RankedOwners AS (SELECT owner_id, last_name, total_spent, ROW_NUMBER() OVER (ORDER BY total_spent DESC) AS rn FROM TotalSpent) SELECT ro.owner_id, ro.last_name, ro.total_spent FROM RankedOwners AS ro WHERE ro.rn = 1",### NOTES | No quality-repairs required.,False,False,0.0,0.0,1.0,1.0,1.0,1.0,0.0,0.0,1.0,0.0,0.0,1.0,1.0,1.0,1.0
stage1_79,car_1,join_2hop,baseline,4,SELECT COUNT(DISTINCT T2.ModelId) AS NumberOfModelsProducedInUSA FROM car_makers AS T1 JOIN model_list AS T2 ON T1.Id = T2.Maker WHERE T1.Country = 'USA',"WITH us_makers AS (SELECT DISTINCT Id FROM car_makers WHERE Country = 'USA'), usa_models AS (SELECT DISTINCT ModelId FROM model_list JOIN us_makers ON model_list.Maker = us_makers.Id) SELECT COUNT(*) AS NumberOfModelsProducedInUSA FROM usa_models",### NOTES | No quality-repairs required.,False,False,0.0,0.0,1.0,0.0,0.0,1.0,1.0,1.0,1.0,1.0,1.0,1.0,1.0,1.0,1.0
stage1_80,student_transcripts_tracking,join_2hop,baseline,5,"SELECT DISTINCT s.first_name, s.middle_name, s.last_name FROM Students AS s JOIN Student_Enrolment AS se ON s.student_id = se.student_id JOIN Degrees_Programs AS dp ON se.degree_program_id = dp.degree_program_id WHERE dp.degree_summary_name LIKE '%Bachelor%'","WITH bachelor_degrees AS (SELECT degree_program_id FROM Degrees_Programs WHERE degree_summary_name LIKE '%Bachelor%'), enrolled_students AS (SELECT DISTINCT s.student_id, s.first_name, s.middle_name, s.last_name FROM Students AS s JOIN Student_Enrolment AS se ON s.student_id = se.student_id JOIN bachelor_degrees AS bd ON se.degree_program_id = bd.degree_program_id) SELECT * FROM enrolled_students",### NOTES | No quality-repairs required.,False,False,0.0,0.0,1.0,0.0,0.0,1.0,1.0,1.0,1.0,1.0,1.0,1.0,1.0,1.0,1.0
stage1_81,concert_singer,join_2hop,baseline,6,"SELECT DISTINCT s.Name, s.Location FROM stadium AS s INNER JOIN concert AS c ON s.Stadium_ID = c.Stadium_ID WHERE c.Year IN ('2014', '2015')","WITH stadium_dedup AS (SELECT DISTINCT Stadium_ID, Location, Name, Capacity, Highest, Lowest, Average FROM stadium), concert_2014 AS (SELECT Stadium_ID FROM concert WHERE Year = '2014'), concert_2015 AS (SELECT Stadium_ID FROM concert WHERE Year = '2015') SELECT sd.Name, sd.Location FROM stadium_dedup AS sd WHERE sd.Stadium_ID IN (SELECT * FROM concert_2014) AND sd.Stadium_ID IN (SELECT * FROM concert_2015)",### NOTES | No quality-repairs required.,False,False,0.0,1.0,0.0,0.0,1.0,0.0,1.0,1.0,1.0,1.0,1.0,1.0,1.0,1.0,1.0
stage1_83,car_1,join_2hop,baseline,6,SELECT DISTINCT T2.Maker FROM cars_data AS T1 JOIN car_makers AS T2 ON T1.MakeId = T2.Id WHERE T1.Year = 1970,"WITH filtered_cars AS (SELECT DISTINCT Id FROM cars_data WHERE Year = 1970), dedup_makers AS (SELECT DISTINCT Maker FROM car_makers WHERE Id IN (SELECT MakeId FROM filtered_cars)) SELECT Maker FROM dedup_makers",### NOTES | No quality-repairs required.,False,False,0.0,0.0,1.0,0.0,0.0,1.0,1.0,1.0,1.0,1.0,1.0,1.0,1.0,1.0,1.0
stage1_84,dog_kennels,join_2hop,baseline,6,"SELECT o.owner_id, o.last_name, SUM(c.charge_amount) AS total_charges FROM Owners AS o JOIN Dogs AS d ON o.owner_id = d.owner_id JOIN Treatments AS t ON d.dog_id = t.dog_id JOIN Charges AS c ON t.treatment_id = c.treatment_id GROUP BY o.owner_id, o.last_name ORDER BY total_charges DESC LIMIT 1","WITH Dedup_Owners AS (SELECT DISTINCT owner_id, last_name FROM Owners), Dedup_Dogs AS (SELECT DISTINCT dog_id, owner_id FROM Dogs), Dedup_Treatments AS (SELECT DISTINCT treatment_id, dog_id, professional_id, treatment_type_code, date_of_treatment, cost_of_treatment FROM Treatments), Dedup_Charges AS (SELECT DISTINCT charge_id, treatment_id, charge_type, charge_amount FROM Charges) SELECT o.owner_id, o.last_name, SUM(c.charge_amount) AS total_charges FROM Dedup_Owners AS o JOIN Dedup_Dogs AS d ON o.owner_id = d.owner_id JOIN Dedup_Treatments AS t ON d.dog_id = t.dog_id JOIN Dedup_Charges AS c ON t.treatment_id = c.treatment_id GROUP BY o.owner_id, o.last_name ORDER BY total_charges DESC LIMIT 1",### NOTES | No quality-repairs required.,False,False,0.0,0.0,1.0,1.0,1.0,1.0,0.0,0.0,1.0,0.0,0.0,1.0,1.0,1.0,1.0
stage1_85,car_1,join_2hop,baseline,4,"SELECT T2.Maker, T2.FullName FROM model_list AS T1 JOIN car_makers AS T2 ON T1.Maker = T2.Id GROUP BY T2.Maker, T2.FullName HAVING COUNT(T1.ModelId) >= 2 AND COUNT(DISTINCT T2.Id) > 3","WITH model_counts AS (SELECT Maker, COUNT(ModelId) AS model_count FROM model_list GROUP BY Maker), filtered_makers AS (SELECT Maker FROM model_counts WHERE model_count >= 2) SELECT T2.Maker, T2.FullName FROM filtered_makers AS FM JOIN car_makers AS T2 ON FM.Maker = T2.Id GROUP BY T2.Maker, T2.FullName HAVING COUNT(DISTINCT T2.Id) > 3",### NOTES | No quality-repairs required.,False,False,0.0,1.0,0.0,1.0,1.0,1.0,0.0,1.0,0.0,1.0,1.0,1.0,0.0,1.0,0.0
stage1_86,concert_singer,join_2hop,baseline,4,SELECT s.Name FROM singer AS s JOIN singer_in_concert AS sic ON s.Singer_ID = sic.Singer_ID JOIN concert AS c ON sic.concert_ID = c.concert_ID WHERE c.Year = '2014',"WITH concert_2014 AS (SELECT concert_ID FROM concert WHERE Year = '2014'), singers_in_2014 AS (SELECT s.Name FROM singer AS s JOIN singer_in_concert AS sic ON s.Singer_ID = sic.Singer_ID JOIN concert AS c ON sic.concert_ID = c.concert_ID WHERE c.Year = '2014') SELECT DISTINCT Name FROM singers_in_2014",### NOTES | No quality-repairs required.,False,True,0.0,0.0,1.0,0.0,0.0,1.0,1.0,1.0,1.0,1.0,1.0,1.0,1.0,1.0,1.0
stage1_87,concert_singer,order_limit,baseline,6,SELECT Year FROM concert GROUP BY Year ORDER BY COUNT(*) DESC LIMIT 1,"WITH dedup AS (SELECT *, ROW_NUMBER() OVER (PARTITION BY Year ORDER BY concert_ID DESC) AS rn FROM concert) SELECT Year FROM dedup WHERE rn = 1 GROUP BY Year ORDER BY COUNT(*) DESC LIMIT 1",### NOTES | No quality-repairs required.,True,True,0.0,0.0,1.0,1.0,1.0,1.0,0.0,0.0,1.0,1.0,1.0,1.0,1.0,1.0,1.0
stage1_88,concert_singer,order_limit,baseline,4,"SELECT Name, Capacity FROM stadium WHERE Average = (SELECT MAX(Average) FROM stadium)","WITH capped_stadium AS (SELECT *, MIN(Highest, 4812.0) AS Highest_capped, MIN(Lowest, 1294.0) AS Lowest_capped FROM stadium), dedup_stadium AS (SELECT *, ROW_NUMBER() OVER (PARTITION BY Stadium_ID ORDER BY rowid DESC) AS rn FROM capped_stadium) SELECT Name, Capacity FROM dedup_stadium WHERE rn = 1 AND Average = (SELECT MAX(Average) FROM dedup_stadium)",### NOTES | No quality-repairs required.,False,True,0.0,0.0,1.0,0.0,1.0,0.0,1.0,1.0,1.0,1.0,0.0,0.0,1.0,1.0,1.0
stage1_89,cre_Doc_Template_Mgt,order_limit,baseline,6,SELECT Template_Type_Code FROM Templates GROUP BY Template_Type_Code ORDER BY COUNT(*) DESC LIMIT 1,"WITH dedup_templates AS (SELECT *, ROW_NUMBER() OVER (PARTITION BY Template_Type_Code ORDER BY rowid DESC) AS rn FROM Templates) SELECT Template_Type_Code FROM dedup_templates WHERE rn = 1 GROUP BY Template_Type_Code ORDER BY COUNT(*) DESC LIMIT 1",### NOTES | No quality-repairs required.,True,True,0.0,0.0,1.0,1.0,1.0,1.0,0.0,0.0,1.0,1.0,1.0,1.0,1.0,1.0,1.0
stage1_90,student_transcripts_tracking,order_limit,baseline,3,"SELECT first_name, middle_name, last_name FROM Students ORDER BY date_first_registered ASC LIMIT 1","WITH dedup AS (SELECT *, ROW_NUMBER() OVER (PARTITION BY student_id ORDER BY rowid DESC) AS rn FROM Students) SELECT first_name, middle_name, last_name FROM dedup WHERE rn = 1 ORDER BY date_first_registered ASC LIMIT 1",### NOTES | No quality-repairs required.,True,True,1.0,1.0,1.0,1.0,1.0,1.0,1.0,1.0,1.0,1.0,1.0,1.0,1.0,1.0,1.0
stage1_91,cre_Doc_Template_Mgt,order_limit,baseline,6,SELECT Document_ID FROM Paragraphs GROUP BY Document_ID ORDER BY COUNT(*) ASC LIMIT 1,"WITH dedup_paragraphs AS (SELECT *, ROW_NUMBER() OVER (PARTITION BY Document_ID ORDER BY rowid DESC) AS rn FROM Paragraphs), counted_paragraphs AS (SELECT Document_ID, COUNT(*) AS paragraph_count FROM dedup_paragraphs WHERE rn = 1 GROUP BY Document_ID) SELECT Document_ID FROM counted_paragraphs ORDER BY paragraph_count ASC LIMIT 1",### NOTES | No quality-repairs required.,True,True,0.0,0.0,1.0,1.0,1.0,1.0,0.0,0.0,1.0,1.0,1.0,1.0,1.0,1.0,1.0
stage1_92,dog_kennels,order_limit,baseline,4,"SELECT MAX(date_of_treatment) AS most_recent_date, cost_of_treatment FROM Treatments","WITH capped AS (SELECT *, MIN(cost_of_treatment, 852.0) AS cost_of_treatment_capped FROM Treatments), dedup AS (SELECT *, ROW_NUMBER() OVER (PARTITION BY treatment_id ORDER BY rowid DESC) AS rn FROM capped) SELECT MAX(date_of_treatment) AS most_recent_date, cost_of_treatment_capped FROM dedup WHERE rn = 1",### NOTES | No quality-repairs required.,False,False,0.5,1.0,0.6666666666666666,1.0,1.0,1.0,1.0,1.0,1.0,1.0,0.0,0.0,1.0,1.0,1.0
stage1_93,orchestra,order_limit,baseline,6,SELECT Record_Company FROM orchestra GROUP BY Record_Company ORDER BY COUNT(*) DESC LIMIT 1,"WITH dedup_orchestra AS (SELECT *, ROW_NUMBER() OVER (PARTITION BY Record_Company ORDER BY rowid DESC) AS rn FROM orchestra), counted_orchestra AS (SELECT Record_Company, COUNT(*) AS count FROM dedup_orchestra WHERE rn = 1 GROUP BY Record_Company) SELECT Record_Company FROM counted_orchestra ORDER BY count DESC LIMIT 1",### NOTES | No quality-repairs required.,True,True,1.0,1.0,1.0,1.0,1.0,1.0,1.0,1.0,1.0,1.0,1.0,1.0,1.0,1.0,1.0
stage1_94,student_transcripts_tracking,order_limit,baseline,3,"SELECT MIN(transcript_date) AS first_transcript_date, other_details FROM Transcripts","WITH base AS (SELECT * FROM Transcripts), dedup AS (SELECT *, ROW_NUMBER() OVER (PARTITION BY transcript_id ORDER BY rowid DESC) AS rn FROM base) SELECT MIN(transcript_date) AS first_transcript_date, other_details FROM dedup WHERE rn = 1",### NOTES | No quality-repairs required.,False,False,0.5,0.5,0.5,1.0,1.0,1.0,1.0,1.0,1.0,1.0,0.0,0.0,1.0,1.0,1.0
stage1_95,orchestra,order_limit,baseline,6,SELECT Record_Company FROM orchestra GROUP BY Record_Company ORDER BY COUNT(*) DESC LIMIT 1,"WITH dedup_orchestra AS (SELECT *, ROW_NUMBER() OVER (PARTITION BY Record_Company ORDER BY rowid DESC) AS rn FROM orchestra), counted_records AS (SELECT Record_Company, COUNT(*) AS cnt FROM dedup_orchestra WHERE rn = 1 GROUP BY Record_Company) SELECT Record_Company FROM counted_records ORDER BY cnt DESC LIMIT 1",### NOTES | No quality-repairs required.,True,True,1.0,1.0,1.0,1.0,1.0,1.0,1.0,1.0,1.0,1.0,1.0,1.0,1.0,1.0,1.0
stage1_96,cre_Doc_Template_Mgt,order_limit,baseline,6,SELECT Document_ID FROM Paragraphs GROUP BY Document_ID ORDER BY COUNT(*) ASC LIMIT 1,"WITH dedup_paragraphs AS (SELECT *, ROW_NUMBER() OVER (PARTITION BY Document_ID ORDER BY rowid DESC) AS rn FROM Paragraphs), filtered_paragraphs AS (SELECT * FROM dedup_paragraphs WHERE rn = 1) SELECT Document_ID FROM filtered_paragraphs GROUP BY Document_ID ORDER BY COUNT(*) ASC LIMIT 1",### NOTES | No quality-repairs required.,True,True,0.0,0.0,1.0,1.0,1.0,1.0,0.0,0.0,1.0,1.0,1.0,1.0,1.0,1.0,1.0
stage1_97,concert_singer,order_limit,baseline,3,"SELECT Name, Song_release_year FROM singer ORDER BY Age ASC LIMIT 1","WITH dedup AS (SELECT *, ROW_NUMBER() OVER (PARTITION BY Singer_ID ORDER BY rowid DESC) AS rn FROM singer), youngest_singer AS (SELECT Name, Song_release_year FROM dedup WHERE rn = 1) SELECT * FROM youngest_singer",### NOTES | No quality-repairs required.,False,False,0.0,0.0,1.0,1.0,1.0,1.0,1.0,1.0,1.0,0.0,0.0,1.0,1.0,1.0,1.0
stage1_98,orchestra,order_limit,baseline,4,SELECT Name FROM conductor ORDER BY Year_of_Work DESC LIMIT 1,"WITH dedup AS (SELECT *, ROW_NUMBER() OVER (PARTITION BY Conductor_ID ORDER BY rowid DESC) AS rn FROM conductor) SELECT Name FROM dedup WHERE rn = 1 ORDER BY Year_of_Work DESC LIMIT 1",### NOTES | No quality-repairs required.,True,True,1.0,1.0,1.0,1.0,1.0,1.0,1.0,1.0,1.0,1.0,1.0,1.0,1.0,1.0,1.0
stage1_99,student_transcripts_tracking,order_limit,baseline,4,SELECT MAX(transcript_date) AS last_transcript_date FROM Transcripts,"WITH base AS (SELECT * FROM Transcripts), dedup AS (SELECT *, ROW_NUMBER() OVER (PARTITION BY transcript_date ORDER BY rowid DESC) AS rn FROM base) SELECT MAX(transcript_date) AS last_transcript_date FROM dedup WHERE rn = 1",### NOTES | No quality-repairs required.,False,False,0.0,0.0,1.0,1.0,1.0,1.0,1.0,1.0,1.0,1.0,0.0,0.0,1.0,1.0,1.0
stage1_100,concert_singer,order_limit,baseline,3,"SELECT Song_Name, Song_release_year FROM singer WHERE Age = (SELECT MIN(Age) FROM singer)","WITH base AS (SELECT * FROM singer), dedup AS (SELECT *, ROW_NUMBER() OVER (PARTITION BY Singer_ID ORDER BY rowid DESC) AS rn FROM base) SELECT Song_Name, Song_release_year FROM dedup WHERE rn = 1 AND Age = (SELECT MIN(Age) FROM singer)",### NOTES | No quality-repairs required.,False,True,0.0,0.0,1.0,0.0,1.0,0.0,1.0,1.0,1.0,1.0,0.0,0.0,1.0,1.0,1.0
stage1_101,orchestra,order_limit,baseline,3,SELECT Name FROM conductor ORDER BY Year_of_Work DESC LIMIT 1,"WITH dedup AS (SELECT *, ROW_NUMBER() OVER (PARTITION BY Conductor_ID ORDER BY rowid DESC) AS rn FROM conductor), capped AS (SELECT *, MIN(Conductor_ID, 11.0) AS Conductor_ID_capped FROM dedup) SELECT Name FROM capped WHERE rn = 1 ORDER BY Year_of_Work DESC LIMIT 1",### NOTES | No quality-repairs required.,True,True,1.0,1.0,1.0,1.0,1.0,1.0,1.0,1.0,1.0,1.0,1.0,1.0,1.0,1.0,1.0
